nct_id,final_screening,decision_basis,adjudication_reason,brief_title,study_type,overall_status,start_date,study_first_post_date,registry_last_update_post_date,enrollment,lead_sponsor,interventions,countries,has_results,minimum_age,maximum_age,sex,conditions,flash_triage,flash_confidence,sol_audit
NCT00146146,include,recorded_adjudication,Human confirmation: explicit TGD population; testosterone and its metabolites are directly manipulated and analyzed as gender-affirming hormone treatment variables.,Testosterone and Its Metabolites in GID,INTERVENTIONAL,COMPLETED,2005-05,2005-09-05,2018-03-21,15,Unita Complessa di Ostetricia e Ginecologia,testosterone undecanoate alone; testosterone undecanoate plus letrozole; testosterone undecanoate plus dutasteride,Italy,False,18 Years,45 Years,FEMALE,Transsexualism,likely_include,high,agree_likely_include
NCT01065220,include,recorded_adjudication,Human confirmation: explicit TGD population; brain serotonin-transporter binding is measured before and after sex-steroid hormone therapy.,Sex Steroids and the Serotonin Transporter,INTERVENTIONAL,COMPLETED,2010-02,2010-02-09,2014-01-03,32,Medical University of Vienna,Testolactone undecanoate; Lynestrenol; Cyproterone Acetate; Estradiol; 5-alpha reductase inhibitor,Austria,False,18 Years,55 Years,ALL,Transsexualism,likely_include,high,agree_likely_include
NCT01072825,include,recorded_adjudication,Human confirmation: explicit TGD population; participants are prospectively followed through cross-sex hormone treatment with treatment-related outcomes measured.,A European Network for the Investigation of Gender Incongruence,OBSERVATIONAL,RECRUITING,2010-02-15,2010-02-22,2023-12-11,125,"University Hospital, Ghent",questionnaires; blood sampling; clinical evaluation; Dermatology evaluation; Bone evaluation,Belgium; Italy; Netherlands; Norway,False,18 Years,,ALL,Physical and Psychological Evaluation of Hormonal Therapy in Transsexual Persons,likely_include,high,agree_likely_include
NCT01292785,include,recorded_adjudication,Human confirmation: explicit TGD population; hormone-induced brain changes are measured before and after testosterone/estradiol treatment.,"Effects of Sex Steroid Hormones on Human Brain Function, Structure and Connectivity",OBSERVATIONAL,COMPLETED,2011-01,2011-02-10,2015-04-09,80,Medical University of Vienna,Hormones,Austria,False,18 Years,55 Years,ALL,Gender Identity Disorder,likely_include,high,agree_likely_include
NCT02119377,include,recorded_adjudication,"Human confirmation: explicit TGD population; hormone-therapy use, desire, and uptake are registered study outcomes.",First Australian National Trans Mental Health Study,OBSERVATIONAL,COMPLETED,2013-08,2014-04-21,2014-05-06,946,Curtin University,questionnaire,Australia,False,18 Years,,ALL,Transsexualism,human_review,medium,likely_include
NCT02185274,include,recorded_adjudication,Human confirmation: explicit TGD population; cross-sex hormone treatment effects on metabolic and psychological outcomes are explicit study aims.,Observational Study on Metabolism and Psychopathology in Transsexual Patients,OBSERVATIONAL,COMPLETED,2013-10,2014-07-09,2020-02-25,100,Max-Planck-Institute of Psychiatry,,Germany,False,18 Years,70 Years,ALL,Transsexualism,likely_include,high,agree_likely_include
NCT02229617,include,recorded_adjudication,"Human confirmation: explicit transgender male population; testosterone route, pharmacokinetics, and tolerability are directly compared.",Subcutaneous Testosterone Project,INTERVENTIONAL,COMPLETED,2015-07,2014-09-01,2016-06-06,14,University of British Columbia,Subcutaneous testosterone,Canada,False,19 Years,59 Years,MALE,Gender Dysphoria,likely_include,high,agree_likely_include
NCT02518009,include,recorded_adjudication,Human confirmation: explicit TGD population; participants are followed through testosterone/estrogen treatment with treatment-related physiologic outcomes measured.,GEnder Dysphoria Treatment in Sweden,OBSERVATIONAL,COMPLETED,2015-04,2015-08-07,2022-06-10,40,Karolinska Institutet,Genetic men treated with estrogen; Genetic women treated with androgen,Sweden,False,20 Years,40 Years,ALL,Transsexualism,likely_include,high,agree_likely_include
NCT02550431,include,recorded_adjudication,Human confirmation: explicit transgender youth population; cardiometabolic and body-composition outcomes are evaluated in relation to GAHT.,Trans Health: Evaluation of Markers of Cardio-metabolic Health and Well-being in Transgender Youth,OBSERVATIONAL,COMPLETED,2016-03,2015-09-15,2018-02-05,58,"University of Colorado, Denver",,United States,False,9 Years,21 Years,ALL,Transgendered Persons,likely_include,high,agree_likely_include
NCT02715232,include,recorded_adjudication,Human confirmation: explicit TGD population; brain serotonin outcomes are measured before and after testosterone/feminizing hormone treatment.,Effects of Sex Steroids on the Serotonin System,INTERVENTIONAL,UNKNOWN,2017-02-06,2016-03-22,2018-10-15,92,Medical University of Vienna,Testosterone; Lynestrenol; Cyproterone Acetate; Estradiol; Triptorelin acetate,Austria,False,18 Years,50 Years,ALL,Gender Dysphoria,likely_include,high,agree_likely_include
NCT02983110,include,recorded_adjudication,Human confirmation: explicit transgender population; sex-hormone therapy is an explicit pharmacologic exposure and hormone concentrations are measured.,Sex Hormone Therapy and Mucosal Tissues,OBSERVATIONAL,COMPLETED,2016-11,2016-12-06,2018-12-06,12,"University of North Carolina, Chapel Hill",Anoscopy with Rectal Tissue Sampling; Phlebotomy; Female Genital Tract Sampling,United States,False,18 Years,65 Years,ALL,Hiv,likely_include,high,agree_likely_include
NCT03060785,include,recorded_adjudication,Human confirmation: explicit transgender population; PrEP pharmacokinetics are compared by feminizing-hormone exposure.,Finding the Right Tenofovir/Emtricitabine Regimen for Pre-Exposure Prophylaxis (PrEP) in Transgender Women,INTERVENTIONAL,COMPLETED,2016-03-08,2017-02-23,2018-07-18,16,Johns Hopkins University,Tenofovir Disoproxil Fumarate/Emtricitabine,United States,False,18 Years,65 Years,ALL,HIV Prevention,human_review,medium,likely_include
NCT03120936,include,recorded_adjudication,Human confirmation: explicit transgender population; registered outcomes directly assess effects of PrEP on hormone levels and hormone use on PrEP concentrations.,The Stay Study: A Demonstration Project Advancing PrEP Delivery in the San Francisco Bay Area Transgender Community,INTERVENTIONAL,COMPLETED,2017-08-08,2017-04-19,2021-04-21,158,"Public Health Foundation Enterprises, Inc.",Emtricitabine / Tenofovir Disoproxil Oral Tablet; PrEP support,United States,False,18 Years,,ALL,Transgender Persons; Pre-Exposure Prophylaxis,human_review,medium,likely_include
NCT03220152,include,recorded_adjudication,Human confirmation: explicit transgender population; FTC/TDF pharmacokinetics are compared between participants using and not using hormones.,Implementation of PrEP to HIV in Brazilian Transgender Women,INTERVENTIONAL,UNKNOWN,2017-07-10,2017-07-18,2018-07-31,120,Oswaldo Cruz Foundation,emtricitabine / tenofovir 200/300 mg,Brazil,False,18 Years,,MALE,"HIV, Prevention",human_review,medium,likely_include
NCT03270969,include,recorded_adjudication,Human confirmation: explicit transgender women population; PrEP and feminizing hormone therapy interactions are directly evaluated.,A Pharmacokinetic Evaluation of Tenofovir/Emtricitabine as HIV Pre-Exposure Prophylaxis in Transgender Women,INTERVENTIONAL,COMPLETED,2018-01-05,2017-09-01,2023-09-15,15,University of Nebraska,Tenofovir Disoproxil Fumarate/Emtricitabine,United States,False,19 Years,,ALL,HIV Prevention,likely_include,high,agree_likely_include
NCT03293771,include,recorded_adjudication,Human confirmation: explicit TGD population; postoperative symptoms are explicitly analyzed in relation to hormone-therapy use.,Transgender Post-reassignment Urogynecologic Measures and Perceptions,OBSERVATIONAL,UNKNOWN,,,2019-04-23,200,,Focus group interviews; Questionnaire packet,,False,18 Years,,MALE,Gender Identity Disorder of Adult; Voiding Disorders; Sexual Dysfunction,human_review,medium,likely_include
NCT03465852,include,recorded_adjudication,Human confirmation: explicit transgender population; medically supervised hormone-therapy uptake is an explicit intervention target/outcome.,HIV Prevention Among Latina Transgender Women Who Have Sex With Men: Evaluation of a Locally Developed Intervention,INTERVENTIONAL,COMPLETED,2019-07-15,2018-03-14,2023-02-28,144,Centers for Disease Control and Prevention,ChiCAS,United States,False,18 Years,,MALE,HIV Infections,human_review,medium,likely_include
NCT03557268,include,recorded_adjudication,Human confirmation: explicit transgender youth population; cardiometabolic outcomes are measured after initiation of testosterone GAHT.,Pubertal Blockade and Hormone Therapy in Transgender Youth,OBSERVATIONAL,COMPLETED,2018-06-19,2018-06-14,2020-09-29,19,"University of Colorado, Denver",,United States,False,13 Years,16 Years,FEMALE,Gender Identity; Gender Dysphoria; Gender Identity Disorder in Adolescence and Adulthood,likely_include,high,agree_likely_include
NCT03595956,include,recorded_adjudication,Human confirmation: explicit transgender cohort; hormone-based medical gender affirmation is an explicit exposure linked to health outcomes.,Transgender Cohort Study of Gender Affirmation and HIV-related Health,OBSERVATIONAL,UNKNOWN,2019-02-11,2018-07-23,2020-11-18,4500,Fenway Community Health,Medical gender affirmation,United States,False,18 Years,,ALL,"HIV/AIDS; STI; Gender Dysphoria; Transsexualism; Gender Identity; Depression, Anxiety",human_review,medium,likely_include
NCT03620734,include,recorded_adjudication,Human confirmation: explicit transgender women population; drug-drug interactions between feminizing hormone therapy and antiretroviral agents are directly studied.,Study to Determine Interaction Between the Use of Feminizing Hormone Therapy and Antiretroviral Agents Concomitantly Among Transgender Women,OBSERVATIONAL,COMPLETED,2017-11-30,2018-08-08,2019-10-09,40,Thai Red Cross AIDS Research Centre,,Thailand,False,18 Years,40 Years,MALE,PrEP and ART,likely_include,high,agree_likely_include
NCT03637920,include,recorded_adjudication,Human confirmation: explicit transgender male population; sexuality outcomes are measured during hormone treatment.,Sexuality in Transmen During Hormone and Operative Treatment,OBSERVATIONAL,UNKNOWN,2018-07-30,2018-08-20,2018-08-20,160,Medical University of Graz,,Austria,False,18 Years,50 Years,ALL,Gender Dysphoria; Gender Identity Disorder; Transsexualism; Body Image; Sexuality,likely_include,high,agree_likely_include
NCT03651427,include,recorded_adjudication,Human confirmation: explicit TGD population; neuronal and cognitive changes are measured before and after restarting cross-sex hormone therapy.,Cross-sex Hormone Therapy and Neuronal Plasticity,INTERVENTIONAL,UNKNOWN,2017-02-13,2018-08-29,2018-08-29,30,Hospital de Clinicas de Porto Alegre,Estradiol,Brazil,False,18 Years,60 Years,MALE,Gender Dysphoria,likely_include,high,agree_likely_include
NCT03652623,include,recorded_adjudication,Human confirmation: explicit transgender youth population; PrEP and GAHT pharmacokinetics are directly measured.,"Transgender Youth and PrEP: PK, Safety, Uptake & Adherence - PK Study",INTERVENTIONAL,COMPLETED,2018-07-23,2018-08-29,2024-04-01,49,Hektoen Institute for Medical Research,TDF/FTC,United States,False,15 Years,24 Years,ALL,HIV/AIDS; Gender; Behavior and Behavior Mechanisms,likely_include,high,agree_likely_include
NCT03725280,include,recorded_adjudication,Human confirmation: explicit transgender male population; ovarian biology is compared before versus after testosterone GAHT exposure.,Micro RNA Profile in the Ovarian Follicle Fluid of Transgender Men,OBSERVATIONAL,UNKNOWN,2018-11-01,2018-10-31,2018-10-31,40,Tel-Aviv Sourasky Medical Center,IVF,,False,18 Years,45 Years,FEMALE,IVF; Fertility Preservation; Infertility,likely_include,high,agree_likely_include
NCT03757117,include,recorded_adjudication,Human confirmation: explicit transgender population; feminizing hormone therapy is a study intervention with hormone levels and adherence monitored.,Gender-Affirmative Transgender Care to Improve the HIV Treatment Cascade,INTERVENTIONAL,COMPLETED,2016-10-01,2018-11-28,2018-11-28,220,"Asociación Civil Impacta Salud y Educación, Peru",Feminizing hormone therapy; Peer navigation,Peru,False,18 Years,,MALE,HIV-1-infection,likely_include,high,agree_likely_include
NCT03864913,include,recorded_adjudication,Human confirmation: explicit transgender male adolescent population; subcutaneous versus intramuscular testosterone GAHT is directly compared.,Comparing Subcutaneous Testosterone to Intramuscular Testosterone in Gender Affirming Care of Transgender Male Adolescents,INTERVENTIONAL,COMPLETED,2018-01-26,2019-03-06,2024-04-03,26,Oregon Health and Science University,Testosterone injection; PedsQL questionnarie; Masculinizing effects questionnaire; Medication experience questionnaire,United States,False,14 Years,19 Years,FEMALE,Health Services for Transgender Persons; Transgender Persons,likely_include,high,agree_likely_include
NCT04028219,include,recorded_adjudication,Human confirmation: explicit TGD population; prospective outcomes are measured across initiation and continuation of GAHT.,Transgender In Transition,OBSERVATIONAL,RECRUITING,2019-05-15,2019-07-22,2022-11-08,750,Universitätsklinikum Hamburg-Eppendorf,Online surveys,Germany; Switzerland,False,18 Years,,ALL,Gender Incongruence,likely_include,high,agree_likely_include
NCT04036500,include,recorded_adjudication,Human confirmation: explicit transgender women population; oral versus sublingual estradiol pharmacokinetics are directly compared.,Transgender Estradiol,INTERVENTIONAL,COMPLETED,2019-09-23,2019-07-29,2025-04-11,11,Medical College of Wisconsin,Estradiol,United States,True,18 Years,,ALL,Transgender Persons,likely_include,high,agree_likely_include
NCT04050371,include,recorded_adjudication,Human confirmation: explicit TGD population; PrEP interactions with feminizing/masculinizing hormone therapy are directly evaluated.,Study of Truvada for HIV Pre Exposure Prophylaxis Using Daily Directly Observed Therapy to Look at Potential Interactions Between Truvada and Hormone Therapy,INTERVENTIONAL,COMPLETED,2017-08-03,2019-08-08,2021-05-11,48,"University of California, San Francisco",200 mg emtricitabine and 300 mg tenofovir disoproxil fumarate,United States,True,18 Years,65 Years,ALL,HIV Prevention; Transgender Health,likely_include,high,agree_likely_include
NCT04066283,include,recorded_adjudication,Human confirmation: explicit transgender women population; vascular and metabolic outcomes are studied in relation to GAHT.,Effects of Aging and Gender-Affirming Hormone Therapy on Vascular Endothelial Function and Metabolic Profiles in Transgender Women,OBSERVATIONAL,COMPLETED,2019-04-17,2019-08-26,2024-09-19,29,"University of Colorado, Denver",No intervention,United States,False,18 Years,75 Years,ALL,Transgender; Gender Identity; Vascular Stiffness; Vascular Inflammation; Insulin Sensitivity; Blood Pressure; Lipid Disorder; Appetitive Behavior,likely_include,high,agree_likely_include
NCT04128488,include,recorded_adjudication,Human confirmation: explicit transgender women population; cardiometabolic outcomes are measured before and after GAHT.,Effects of Gender-Affirming Hormone Therapy Among Transgender Women,OBSERVATIONAL,COMPLETED,2019-11-01,2019-10-16,2025-05-18,33,Massachusetts General Hospital,"Abdominal MR Imaging; Cardiac MRI/MRS; Oral Glucose Tolerance Testing; Whole Body, Lumbar Spine, and Hip DEXA Imaging",United States,False,16 Years,99 Years,MALE,Transgender Women; HIV/AIDS; Cardiovascular Diseases; Metabolic Disease; Coagulopathy,likely_include,high,agree_likely_include
NCT04237467,include,recorded_adjudication,Human confirmation: explicit transgender men population; vascular and metabolic outcomes are studied in relation to testosterone GAHT.,Effects of Aging and Gender-Affirming Hormone Therapy on Vascular Endothelial Function and Metabolic Profiles in Transgender Men,OBSERVATIONAL,COMPLETED,2020-01-29,2020-01-23,2024-09-19,16,"University of Colorado, Denver",No intervention,United States,False,18 Years,75 Years,ALL,Transgender; Gender Identity; Vascular Stiffness; Vascular Inflammation; Blood Pressure; Lipid Disorder; Appetitive Behavior,likely_include,high,agree_likely_include
NCT04254354,include,recorded_adjudication,Human confirmation: explicit TGD population; physiologic outcomes are measured before and during testosterone treatment.,"Transgender Men, Non-binary Persons and Testosterone Treatment BODY IDENTITY CLINIC",OBSERVATIONAL,RECRUITING,2020-03-03,2020-02-05,2025-08-13,200,Marianne Andersen,,Denmark,False,18 Years,,FEMALE,Transgenderism,likely_include,high,agree_likely_include
NCT04283656,include,recorded_adjudication,Human confirmation: explicit transgender women population; estradiol/spironolactone are directly studied in an antiretroviral drug-interaction design.,Evaluating Drug Interactions Between Doravirine With Estradiol and Spironolactone in Healthy Transgender Women,INTERVENTIONAL,COMPLETED,2022-01-04,2020-02-25,2025-03-26,8,Thomas Jefferson University,Doravirine/Lamivudine/Tenofovir; Spironolactone 100mg; Estradiol 2mg; Placebo,United States,True,18 Years,45 Years,FEMALE,Transgender Health; Gender Dysphoria; Transgender Women; Human Immunodeficiency Virus,likely_include,high,agree_likely_include
NCT04309760,include,recorded_adjudication,Human confirmation: explicit TGD population; brain-connectome outcomes are measured before and after hormone therapy initiation.,Developmental Correlates and Hormone Therapy Effects in Gender Dysphoria,INTERVENTIONAL,WITHDRAWN,2021-02,2020-03-16,2026-06-10,0,Hôpital le Vinatier,MRI,,False,18 Years,50 Years,MALE,Gender Dysphoria,likely_include,high,agree_likely_include
NCT04321551,include,recorded_adjudication,Human confirmation: explicit TGD population; exogenous testosterone effects on ovarian and hormone dynamics are directly studied.,Hormone Secretion in Transgender Males,INTERVENTIONAL,WITHDRAWN,2023-07-01,2020-03-25,2025-01-13,0,"University of California, San Diego",Testosterone Cyp 200Mg/Ml Inj (in Oil); Letrozole,,False,18 Years,35 Years,FEMALE,Transgender; Healthy,likely_include,high,agree_likely_include
NCT04374708,include,recorded_adjudication,Human confirmation: explicit TGD population; body-perception and brain outcomes are compared before and after cross-sex hormone therapy.,Gender Identity and Own Body Perception,OBSERVATIONAL,TERMINATED,2018-02-22,2020-05-05,2023-03-22,132,"University of California, Los Angeles",fMRI,United States,False,18 Years,40 Years,ALL,Gender Dysphoria,likely_include,high,agree_likely_include
NCT04378439,include,recorded_adjudication,"Human confirmation: explicit transgender population; medically supervised GAHT use, desire, uptake, and knowledge are explicit intervention targets/outcomes.",Appalachian Partnership to Reduce Disparities (Aim 2),INTERVENTIONAL,RECRUITING,,,2026-05-26,141,,Peer Navigation; mHealth,,False,18 Years,,ALL,HIV/AIDS; STI; HCV,human_review,medium,likely_exclude
NCT04440722,include,recorded_adjudication,"Human confirmation: explicit transgender cohort; hormone levels, safety measures, and clinical outcomes are followed before and after GAHT.",Prospective Observational Study and Biobank CKIO,OBSERVATIONAL,SUSPENDED,2020-09-01,2020-06-22,2025-03-21,100,Odense University Hospital,,Denmark,False,18 Years,,ALL,Transgender,likely_include,high,agree_likely_include
NCT04448418,include,recorded_adjudication,Human confirmation: explicit trans population; monitoring and continuation of hormone treatment are explicit study outcomes in the telemedicine evaluation.,The Impact of COVID-19 Outbreak on Trans-population's Health in Italy,OBSERVATIONAL,COMPLETED,2020-05-20,2020-06-25,2021-04-29,111,Unita Complessa di Ostetricia e Ginecologia,web based survey,Italy,False,18 Years,100 Years,ALL,Transgender Persons; Coronavirus; Coronavirus Infection; COVID; COVID-19,human_review,medium,likely_include
NCT04478760,include,recorded_adjudication,Human confirmation: explicit TGD population on stable GAHT; laboratory reference intervals and GAHT formulation differences are directly studied.,Trans & Non-binary Reference Intervals While on Hormone Therapy Study,OBSERVATIONAL,COMPLETED,2021-04-13,2020-07-21,2025-09-03,250,King's College Hospital NHS Trust,,United Kingdom,False,18 Years,,ALL,Transgender Persons; Hormone Replacement Therapy; Reference Values,likely_include,high,agree_likely_include
NCT04482920,include,recorded_adjudication,Human confirmation: explicit transgender youth population; renal function is measured before and after testosterone or estradiol GAHT initiation.,Effect of Hormone Therapy on Renal Function,OBSERVATIONAL,COMPLETED,2021-04-15,2020-07-23,2024-05-03,22,"University of Colorado, Denver",p-aminohippurate clearance study; Iohexol infusion,United States,False,17 Years,30 Years,ALL,Transgenderism; Kidney Diseases; Kidney Injury,likely_include,high,agree_likely_include
NCT04491422,include,recorded_adjudication,Human confirmation: explicit transgender population; feminizing hormone therapy is explicitly analyzed as a factor influencing PrEP use/adherence.,Same-Day PrEP Initiation and Sexual Health for Transgender Women,INTERVENTIONAL,COMPLETED,,,2023-10-12,200,,Integrated Next Steps Counseling with Real-Time Drug Level Feedback,,False,14 Years,,MALE,"HIV; PrEP; Transgender Women; Sexually Transmitted Diseases, Bacterial",human_review,medium,likely_include
NCT04508231,include,recorded_adjudication,Human confirmation: explicit TGD population; metabolic and body-composition changes are evaluated after cross-sex hormone treatment.,Metabolic Consequences of Cross-sex Hormonal Treatment,OBSERVATIONAL,UNKNOWN,2020-07-24,2020-08-11,2020-08-11,98,"Central Hospital, Nancy, France",Gender-affirming hormone therapy,France,False,18 Years,,ALL,Gender Dysphoria,likely_include,high,agree_likely_include
NCT04515472,include,recorded_adjudication,Human confirmation: explicit TGD population; glucose metabolism is studied in relation to estrogen/testosterone GAHT exposure.,Effect of Gender Affirming Hormone Therapy on Glucose Metabolism,INTERVENTIONAL,TERMINATED,2020-06-17,2020-08-17,2025-07-20,24,The University of Texas Health Science Center at San Antonio,Botnia Clamp; Withdrawal of Gender Affirming Hormone Therapy (GAHT),United States,False,18 Years,,ALL,Transgender Persons,likely_include,high,agree_likely_include
NCT04524325,include,recorded_adjudication,Human confirmation: explicit transgender men population; blood-pressure physiology is studied in relation to chronic testosterone GAHT.,Mechanisms of Blood Pressure Dysfunction in Transmen Receiving Testosterone,INTERVENTIONAL,WITHDRAWN,2023-01-01,2020-08-24,2022-11-03,0,Yale University,Trans men,,False,18 Years,45 Years,FEMALE,Transgender Men; Blood Pressure; Hyperandrogenism,likely_include,high,agree_likely_include
NCT04531943,include,recorded_adjudication,Human confirmation: explicit transgender women population; rectal immune outcomes are compared before and after feminizing hormone therapy.,Feminizing Hormone Therapy and the Rectal Mucosa Immune Environment in Transgender Women,OBSERVATIONAL,COMPLETED,2020-10-01,2020-08-31,2025-06-17,285,Emory University,Estrogen; Estrogen plus Progesterone,United States,False,18 Years,59 Years,ALL,HIV Prevention,likely_include,high,agree_likely_include
NCT04534881,include,recorded_adjudication,Human confirmation: explicit transgender women population; progesterone is randomized as part of feminizing hormone therapy with hormone and breast outcomes measured.,Effect of Progesterone on Testosterone Concentrations and Breast Development in Transwomen,INTERVENTIONAL,TERMINATED,2020-10-20,2020-09-01,2024-03-19,5,St. Louis University,Progesterone 200 MG; Placebo,United States,True,18 Years,65 Years,MALE,Transgender Persons,likely_include,high,agree_likely_include
NCT04551144,include,recorded_adjudication,"Human confirmation: explicit TGD population; muscle, fat, receptor, and inflammatory changes are measured after testosterone/estradiol treatment.","Effect of Transgender Therapy on Muscle, Fat and Tissue Receptors",OBSERVATIONAL,TERMINATED,2020-10-06,2020-09-16,2024-01-08,4,St. Louis University,testosterone cypionate; Estradiol Valerate,United States,False,18 Years,50 Years,ALL,Gender Incongruence; Transgenderism,likely_include,high,agree_likely_include
NCT04573127,include,recorded_adjudication,Human confirmation: explicit transgender population; the study objective includes analysis of long-term consequences of cross-sex hormone treatment.,Gender Dysphoria: Epidemiological Data,OBSERVATIONAL,UNKNOWN,,,2020-10-05,320,,descriptive study,,False,,,ALL,Gender Dysphoria,human_review,medium,likely_exclude
NCT04590417,include,recorded_adjudication,Human confirmation: explicit transgender women population; bidirectional pharmacokinetic interactions between feminizing hormone therapy and PrEP are directly evaluated.,Assessment of Drug-drug Interactions Between Feminizing Hormone Therapy and Emtricitabine/Tenofovir Alafenamide Concomitantly for Pre-exposure Prophylaxis Among Transgender Women,INTERVENTIONAL,ACTIVE_NOT_RECRUITING,2022-01-24,2020-10-19,2024-11-25,20,Thai Red Cross AIDS Research Centre,"Estradiol valerate 2 mg, cyproterone acetate 25 mg",Thailand,False,18 Years,40 Years,MALE,Drug Interaction,likely_include,high,agree_likely_include
NCT04593680,include,recorded_adjudication,Human confirmation: explicit transgender men population; pharmacokinetic interactions between masculinizing hormone therapy and PrEP are directly evaluated.,Assessment of Drug-drug Interactions Between Masculinizing Hormone Therapy and Antiretroviral Agents Concomitantly for Pre-exposure Prophylaxis Among Transgender Men,INTERVENTIONAL,ACTIVE_NOT_RECRUITING,2022-01-24,2020-10-20,2024-11-25,20,Thai Red Cross AIDS Research Centre,Emtricitabine 200 mg/tenofovir disoproxil fumarate 300 mg (F/TDF) and emtricitabine 200 mg/tenofovir alafenamide 25 mg (F/TAF),Thailand,False,18 Years,40 Years,FEMALE,Drug Interaction,likely_include,high,agree_likely_include
NCT04596592,include,recorded_adjudication,Human confirmation: explicit transgender youth population; cardiometabolic outcomes are measured around estradiol GAHT initiation.,Pubertal Blockade and Estradiol Effects on Cardiometabolic Health for Transitioning Youth,OBSERVATIONAL,RECRUITING,2021-02-15,2020-10-22,2025-06-10,90,"University of Colorado, Denver",,United States,False,13 Years,16 Years,ALL,Transgenderism; Gender Dysphoria; Insulin Sensitivity,likely_include,high,agree_likely_include
NCT04616963,include,recorded_adjudication,Human confirmation: explicit TGD population; PrEP pharmacology is explicitly compared in participants using versus not using GAHT.,Emtricitabine/Tenofovir Alafenamide Switch Study for Transgender Individuals for HIV Pre-exposure Prophylaxis,INTERVENTIONAL,ACTIVE_NOT_RECRUITING,2019-10-24,2020-11-05,2023-05-06,64,"University of California, San Diego",Emtricitabine / Tenofovir Disoproxil Oral Tablet 200/300 mg; Emtricitabine Tenofovir Alafenamide 200/25 mg,United States,False,18 Years,,ALL,Hiv; Hormone Therapy,likely_include,high,agree_likely_include
NCT04736797,include,recorded_adjudication,Human confirmation: explicit TGD population; longitudinal outcomes are measured before and after initiation of gender-affirming hormone therapy.,Transition in Transgender,OBSERVATIONAL,UNKNOWN,2020-11-27,2021-02-03,2021-02-12,200,RWTH Aachen University,,Germany,False,18 Years,55 Years,ALL,Gender Dysphoria,likely_include,high,agree_likely_include
NCT04742491,include,recorded_adjudication,Human confirmation: explicit transgender women population; GAHT is integrated into the PrEP intervention and medical monitoring strategy.,Pre-Exposure Prophylaxis for Transgender Women in the US and South America,INTERVENTIONAL,COMPLETED,2021-03-26,2021-02-08,2025-12-17,304,HIV Prevention Trials Network,Immediate Intervention Arm; Deferred Intervention Arm,Brazil; United States,True,18 Years,,MALE,HIV Prevention,likely_include,high,agree_likely_include
NCT04742816,include,recorded_adjudication,Human confirmation: explicit TGD population; exogenous hormone exposure and concentrations are analyzed with renal biomarkers and PrEP pharmacology.,Renal Effects of Hormones/Biomarkers in Transgender PrEP Recipients,INTERVENTIONAL,COMPLETED,2020-09-17,2021-02-08,2022-03-03,42,"University of California, San Diego",IHX-CL measurements; Iohexol,United States,False,18 Years,100 Years,ALL,Transgender; Renal Function; Hormone Replacement Therapy,likely_include,high,agree_likely_include
NCT04760691,include,recorded_adjudication,Human confirmation: explicit transgender women population; PrEP-GAHT pharmacokinetic and pharmacodynamic interactions are directly investigated.,Pre-Exposure Prophylaxis (PrEP)- Gender Affirming Hormone Therapy (GAHT) Interactions in TGW,INTERVENTIONAL,COMPLETED,2021-03-01,2021-02-18,2026-04-06,13,Johns Hopkins University,Truvada alone; Truvada plus Leuprolide 11.25mg intramuscular injection; Truvada plus Estradiol 1 mg; Truvada plus Estradiol 6 mg; Estradiol 6 mg alone,United States,True,18 Years,,MALE,HIV; Prophylaxis; Transgender,likely_include,high,agree_likely_include
NCT04838249,include,recorded_adjudication,Human confirmation: explicit TGD population; metabolic and physiologic outcomes are measured around initiation of cross-sex hormone therapy.,"Effects of Cross-sex Hormone Therapy on Eating Behavior, Metabolism, Energy Balance and Cardiovascular System",OBSERVATIONAL,RECRUITING,2021-05-05,2021-04-09,2025-12-05,80,University of Leipzig,,Germany,False,18 Years,,ALL,Transsexualism; Transgenderism; Adiposity; Eating Behavior; Arterial Stiffness; Microangiopathy,likely_include,high,agree_likely_include
NCT04867798,include,recorded_adjudication,Human confirmation: explicit transgender population; masculinizing hormone use and hormone-PrEP interaction concerns are explicit study variables.,Transgender Men and HIV in Uganda: PrEP Uptake and Persistence,OBSERVATIONAL,COMPLETED,2021-09-16,2021-04-30,2023-10-12,75,Makerere University,Lamivudine-Tenofovir 300 Mg-300 Mg Oral Tablet,Uganda,False,14 Years,,FEMALE,HIV; Sexually Transmitted Infections; PrEP; Transgender Men,human_review,medium,likely_include
NCT04922424,include,recorded_adjudication,Human confirmation: explicit transgender men population; the registered research question directly concerns cardiovascular effects and risks of testosterone GAHT.,Mechanisms and Interventions to Address Cardiovascular Risk of Gender-affirming Hormone Therapy in Trans Men,INTERVENTIONAL,WITHDRAWN,2022-09-30,2021-06-10,2022-11-03,0,Yale University,Atorvastatin; placebo,United States,False,18 Years,35 Years,ALL,Hypertension; Hyperlipidemias,likely_include,high,agree_likely_include
NCT04971447,include,recorded_adjudication,Human confirmation: explicit transgender population; endothelial outcomes are studied in relation to testosterone or feminizing hormone treatment.,Extracellular Vesicles and Endothelial Function in Transgender Subjects,INTERVENTIONAL,UNKNOWN,2022-08,2021-07-21,2022-07-25,136,"Central Hospital, Nancy, France",gender affirming hormonal treatment in transgender men; gender affirming hormonal treatment in transgender women,,False,18 Years,49 Years,ALL,Transgenderism,likely_include,high,agree_likely_include
NCT04977765,include,recorded_adjudication,Human confirmation: explicit transgender male population; cardiometabolic outcomes are measured longitudinally after gender-affirming testosterone therapy.,Cardiometabolic Health in Transgender Males,OBSERVATIONAL,ACTIVE_NOT_RECRUITING,2021-09-30,2021-07-27,2025-10-03,90,Medical College of Wisconsin,,United States,False,12 Years,30 Years,ALL,Transgender; Transgenderism,likely_include,high,agree_likely_include
NCT05010707,include,recorded_adjudication,Human confirmation: explicit transgender women population; estradiol regimens are directly compared with hormone-suppression and safety outcomes measured.,Transgender Estradiol Affirming Therapy,INTERVENTIONAL,COMPLETED,2021-08-02,2021-08-18,2024-11-26,39,Washington University School of Medicine,Transdermal patch; Pro-thrombotic markers; Metabolic markers; Hormone Profile; Daily Sublingual Tablet; BID Sublingual Tablet; Spironolactone,United States,True,18 Years,30 Years,MALE,Transgenderism,likely_include,high,agree_likely_include
NCT05116293,include,recorded_adjudication,Human confirmation: explicit TGD population; testosterone GAHT effects on drug metabolism and transport are directly studied.,Effect of Testosterone Treatment on Drug Metabolism and Transport,OBSERVATIONAL,COMPLETED,2021-05-01,2021-11-11,2026-05-04,14,University of Washington,Midazolam oral solution; Digoxin Oral Tablet; Acetaminophen Oral Tablet,United States,False,18 Years,60 Years,ALL,Transgender Persons,likely_include,high,agree_likely_include
NCT05166083,include,recorded_adjudication,Human confirmation: explicit transgender men population; voice outcomes are measured longitudinally during testosterone GAHT.,Investigation of the Perceptual and Acoustic Voice in Trans Man,OBSERVATIONAL,COMPLETED,2022-03-11,2021-12-21,2025-07-08,26,Hacettepe University,Testosterone Hormon Therapy,Turkey (Türkiye),False,18 Years,60 Years,FEMALE,Gender Dysphoria; Voice Disorder Due to Transsexualism; Transgender Persons; Hormone Replacement Therapy,likely_include,high,agree_likely_include
NCT05169762,include,recorded_adjudication,Human confirmation: explicit transgender women/nonbinary population; long-term cardiovascular outcomes are studied during feminizing GAHT.,Feminizing Treatment in Transgender Women and Non-binary Persons,OBSERVATIONAL,RECRUITING,2022-02-01,2021-12-27,2025-03-21,100,Odense University Hospital,standard treatment,Denmark,False,18 Years,,MALE,Transgenderism,likely_include,high,agree_likely_include
NCT05195164,include,recorded_adjudication,Human confirmation: explicit transgender population; sex-hormone concentrations are repeatedly monitored alongside vascular and metabolic outcomes in participants receiving GAHT.,The Effects of Orchiectomy and Age on Vascular and Metabolic Health in Older Versus Younger Transgender Women,OBSERVATIONAL,COMPLETED,2021-03-22,2022-01-18,2024-09-19,17,"University of Colorado, Denver",No intervention,United States,False,18 Years,99 Years,ALL,Transgender; Gender Identity; Vascular Stiffness; Vascular Inflammation; Insulin Sensitivity; Blood Pressure; Lipid Disorder; Appetitive Behavior,human_review,medium,likely_include
NCT05318755,include,recorded_adjudication,Human confirmation: explicit TGD population; physical and psychological effects of GAHT are explicit study aims.,China Gender-affirming Hormone Therapy Study,OBSERVATIONAL,RECRUITING,2022-04-16,2022-04-08,2024-11-07,240,Peking University Third Hospital,GAHT for transgender men; GAHT for transgender women,China,False,18 Years,40 Years,ALL,Transgender; Gender Incongruence,likely_include,high,agree_likely_include
NCT05334888,include,recorded_adjudication,Human confirmation: explicit TGD population; longitudinal microbiome and cardiovascular-risk outcomes are studied in relation to hormone therapy.,Sex-differential Host-microbiome CVD Risk - A Longitudinal Cohort Approach,OBSERVATIONAL,RECRUITING,2022-08-29,2022-04-19,2026-06-15,200,"Charite University, Berlin, Germany",,Germany,False,18 Years,50 Years,ALL,Transgender; Gut Microbiome; Immune System; Cardiovascular Risk Factors,likely_include,high,agree_likely_include
NCT05387577,include,recorded_adjudication,"Human confirmation: explicit transgender women population; oral, sublingual, and transdermal estradiol regimens are directly compared for coagulation/fibrinolysis outcomes.",Coagulation and Fibrinolysis of Estradiol in Transwomen,INTERVENTIONAL,TERMINATED,2021-12-07,2022-05-24,2022-12-21,6,Medical College of Wisconsin,Estradiol Tablets; Transdermal patch; Estradiol Tablets,United States,False,18 Years,,MALE,Transgenderism; Clotting Disorder,likely_include,high,agree_likely_include
NCT05428215,include,recorded_adjudication,Human confirmation: explicit transgender women population; oral versus sublingual 17-beta-estradiol pharmacokinetics are directly compared.,Comparison of PKs of 17-Beta-Estradiol Via Sublingual Placement Versus Swallowing in Male-to-Female Transgender Patients,INTERVENTIONAL,TERMINATED,2022-12-29,2022-06-23,2023-07-27,2,MaineHealth,17beta Estradiol,United States,False,18 Years,,MALE,Gender Dysphoria,likely_include,high,agree_likely_include
NCT05442463,include,recorded_adjudication,Human confirmation: explicit transgender populations; cardiorenal physiology is analyzed in relation to exogenous estrogen or testosterone exposure.,Hormone Therapy and Angiotensin-Dependent Arterial and Renal Vasoconstriction in Humans,OBSERVATIONAL,RECRUITING,2020-11-30,2022-07-05,2025-03-27,200,University of Calgary,Captopril Tablets; Iohexol,Canada,False,18 Years,90 Years,ALL,Hormone Therapy,likely_include,high,agree_likely_include
NCT05469204,include,recorded_adjudication,Human confirmation: explicit TGD population; estradiol GAHT effects on drug metabolism and transport are directly studied.,Effect of Estrogen Treatment on Drug Metabolism and Transport,INTERVENTIONAL,COMPLETED,2022-11-01,2022-07-21,2026-01-09,22,University of Washington,Midazolam oral solution; Digoxin Oral Tablet; Acetaminophen Oral Tablet; Midazolam Injectable Solution,United States,False,18 Years,55 Years,ALL,Transgender Persons,likely_include,high,agree_likely_include
NCT05487794,include,recorded_adjudication,Human confirmation: explicit transgender men population; testosterone cypionate dosing strategies are directly compared for GAHT-associated erythrocytosis.,Effect of Dose Fractionation of Testosterone Cypionate on Transgender Men with Erythrocytosis,INTERVENTIONAL,COMPLETED,2022-09-01,2022-08-04,2025-03-28,46,University of Sao Paulo,Testosterone Cypionate 100 MG/ML,Brazil,False,18 Years,40 Years,FEMALE,Testosterone; Transsexualism; Hematologic Diseases,likely_include,high,agree_likely_include
NCT05489159,include,recorded_adjudication,Human confirmation: explicit transgender adolescent population; sleep and insulin-resistance outcomes are measured before and after testosterone or estradiol GAHT initiation.,Sleep and IR in Transgender Adolescents,OBSERVATIONAL,COMPLETED,2022-10-12,2022-08-05,2025-01-16,10,Duke University,,United States,False,12 Years,18 Years,ALL,Sleep Disorder; Insulin Resistance; Gender Dysphoria,likely_include,high,agree_likely_include
NCT05583058,include,recorded_adjudication,Human confirmation: explicit TGD population; hormone overdose/misuse versus regular GAHT use is directly studied.,Sex Hormone Overdose and Misuse in Chinese Transgender and Gender Non-conforming Population,OBSERVATIONAL,NOT_YET_RECRUITING,2022-12-15,2022-10-17,2022-10-17,260,Xiamen University,Hormone Overdose and Misuse,China,False,12 Years,,ALL,Gender Incongruence; Gender Dysphoria,likely_include,high,agree_likely_include
NCT05587751,include,recorded_adjudication,Human confirmation: explicit TGD population; pulmonary-function changes are evaluated in relation to masculinizing or feminizing hormone therapy.,Evaluation of Gender-Affirming Treatments on Pulmonary Function in Transgender and Gender Diverse Patients,INTERVENTIONAL,RECRUITING,2023-02-01,2022-10-20,2026-05-18,44,Mayo Clinic,Spirometry; Plethysmography,United States,False,14 Years,,ALL,Hormonal Gender-Affirming Therapy,likely_include,high,agree_likely_include
NCT05607303,include,recorded_adjudication,Human confirmation: explicit transgender youth population; headache and brain outcomes are measured before and after estrogen GAHT.,Effect of Hormones on Frequency of Headache and Brain Structure and Function in Puberty,OBSERVATIONAL,ACTIVE_NOT_RECRUITING,2021-12-14,2022-11-07,2025-07-04,140,"University of Colorado, Denver",Clinical estrogen therapy,United States,False,9 Years,20 Years,ALL,Headache; Gender Identity,likely_include,high,agree_likely_include
NCT05649605,include,recorded_adjudication,Human confirmation: explicit transgender men population; early psychological effects of testosterone GAHT are directly tested.,Early Mental Response - The EMRE Study,INTERVENTIONAL,RECRUITING,2023-03-07,2022-12-14,2023-03-08,70,Karolinska University Hospital,Testosterone treatment; Placebo treatment,Sweden,False,18 Years,99 Years,FEMALE,Gender Dysphoria; Gender Identity; Gender Issues,likely_include,high,agree_likely_include
NCT05663892,include,recorded_adjudication,Human confirmation: explicit transgender women population; drug-drug interactions between feminizing hormone therapy and HIV treatment are directly evaluated.,Drug-Drug Interaction Study in Trans Women Living With HIV,INTERVENTIONAL,ACTIVE_NOT_RECRUITING,2022-11-23,2022-12-23,2024-09-26,45,Maple Leaf Research,Biktarvy 50/200/25 Tab; Estradiol Tablets,Canada,False,18 Years,,ALL,Hiv; Transgenderism,likely_include,high,agree_likely_include
NCT05787470,include,recorded_adjudication,Human confirmation: explicit TGD population; nociceptive and biologic outcomes are compared by testosterone/estradiol hormone status.,State of Hormones Impact Nociceptive Expression,OBSERVATIONAL,RECRUITING,2023-03-01,2023-03-28,2026-07-02,120,University of Alabama at Birmingham,Quantative sensory testing; Blood Draw,United States,False,18 Years,65 Years,ALL,Pain; Gender Identity,likely_include,high,agree_likely_include
NCT05863676,include,recorded_adjudication,Human confirmation: explicit TGD population; prior hormone therapy is explicitly investigated in relation to ovarian tissue and follicle measures.,Ovarian Tissue Cryopreservation in the Setting of Gender-affirming Therapy,OBSERVATIONAL,ACTIVE_NOT_RECRUITING,2020-07-14,2023-05-18,2026-07-09,20,University of Pittsburgh,Oophorectomy; Infectious Disease Testing,United States,False,9 Years,,FEMALE,Gender Dysphoria; Transgender,human_review,medium,likely_include
NCT05865262,include,recorded_adjudication,Human confirmation: explicit TGD population; effects of masculinizing and feminizing GAHT on cardiac repolarization are directly studied.,Protocol TRANS and QT Repolarization,OBSERVATIONAL,COMPLETED,2021-11-16,2023-05-18,2024-04-12,120,"University Hospital, Bordeaux",ECG; blood test (assessing ionic and hormonal circulating levels),France,False,18 Years,,ALL,Transgender Individuals; QTc Interval,likely_include,high,agree_likely_include
NCT05891795,include,recorded_adjudication,Human confirmation: explicit transgender male/TGD population; masculinizing testosterone therapy is an explicit exposure tied to steroid-related acne and testosterone levels are monitored.,Clascoterone for Steroid-related Acne Vulgaris in Transgender Male Patients Receiving Masculinizing Hormone Therapy,INTERVENTIONAL,ACTIVE_NOT_RECRUITING,2024-07-22,2023-06-07,2026-04-30,18,Stanford University,Clascoterone 1% Top Cream; Vehicle,United States,False,16 Years,,ALL,Acne Vulgaris,likely_include,high,agree_likely_include
NCT06005610,include,recorded_adjudication,Human confirmation: explicit transgender women population; interactions between estradiol therapy and HIV antiretroviral treatment are directly studied.,Estradiol Therapy In Transgender Women to Research Interactions With HIV Therapy,INTERVENTIONAL,TERMINATED,2024-01-04,2023-08-22,2026-04-08,93,National Institute of Allergy and Infectious Diseases (NIAID),Estradiol,Mexico; Peru; Thailand; United States,True,18 Years,,MALE,HIV I Infection,likely_include,high,agree_likely_include
NCT06022562,include,recorded_adjudication,Human confirmation: explicit TGD population; outcomes are directly compared between participants with versus without GAHT.,Effects of Gender-affirming Hormone Therapy on Transgender People,OBSERVATIONAL,COMPLETED,2024-01-08,2023-09-05,2025-08-22,227,National Taiwan University,,Taiwan,False,18 Years,,ALL,Gender Dysphoria,likely_include,high,agree_likely_include
NCT06074796,include,recorded_adjudication,Human confirmation: explicit TGD population; prior hormone therapy is analyzed as a determinant in fertility-preservation profiles.,The Determinants of Fertility Preservation in TRANSgender Patients.,OBSERVATIONAL,UNKNOWN,2023-09-25,2023-10-10,2024-03-26,230,"Central Hospital, Nancy, France",No intervention.,France,False,18 Years,60 Years,ALL,Fertility Preservation; Transgender; Transgenderism,human_review,medium,likely_include
NCT06083766,include,recorded_adjudication,Human confirmation: explicit TGD population; skeletal-muscle metabolic and physiologic responses are studied in relation to GAHT.,Metabolic and Physiologic Responses to Hormone Therapy in Transgender and Gender Diverse People,OBSERVATIONAL,RECRUITING,2024-01-04,2023-10-16,2026-08-05,24,Mayo Clinic,hormone therapy,United States,False,18 Years,40 Years,ALL,"Effects of GAHT, on Skeletal Muscle in TGD",likely_include,high,agree_likely_include
NCT06116201,include,recorded_adjudication,Human confirmation: explicit transgender women population; physical-fitness and vascular outcomes are studied in relation to long-term feminizing hormone therapy.,Influences of Long Term Hormone Therapy on Physical Fitness and Vascular Function in Transgender Women,INTERVENTIONAL,COMPLETED,2020-08-15,2023-11-03,2023-11-28,60,Chulalongkorn University,Estradiol; Estradiol and Anti-Androgen; No intervention,Thailand,False,20 Years,35 Years,ALL,Transgender Women,likely_include,high,agree_likely_include
NCT06149065,include,recorded_adjudication,Human confirmation: explicit trans men population; acne severity is explicitly analyzed in relation to masculinizing hormone therapy.,Factors Associated With the Acne Severity Among Transmen Population: a Cross-sectional Study,OBSERVATIONAL,COMPLETED,2021-06-05,2023-11-28,2023-11-28,247,Mahidol University,Testosterone,Thailand,False,18 Years,,FEMALE,Acne; Transgenderism,likely_include,high,agree_likely_include
NCT06230770,include,recorded_adjudication,Human confirmation: explicit TGD population; bleeding patterns are studied prospectively during initiation of gender-affirming testosterone therapy.,Impact of Progestin-only Contraception on Bleeding Patterns in Individuals Initiating GATT,OBSERVATIONAL,ACTIVE_NOT_RECRUITING,2024-02-01,2024-01-30,2025-07-09,160,"University of California, San Diego",Bleeding data,United States,False,18 Years,50 Years,ALL,Gender; Contraception,likely_include,high,agree_likely_include
NCT06234488,include,recorded_adjudication,Human confirmation: explicit TGD breast-cancer population; prior GAHT use and GAHT management are explicitly analyzed with tumor characteristics and treatment context.,Multi-Institutional Transgender & Gender-Diverse Breast Cancer Study,OBSERVATIONAL,ACTIVE_NOT_RECRUITING,2023-12-08,2024-01-31,2026-01-12,125,Medical College of Wisconsin,,United States,False,18 Years,,ALL,Breast Cancer; Breast Neoplasms; Breast Adenocarcinoma; Breast Cancer Stage; Breast Cancer Stage IV; Breast Cancer Invasive; Breast Cancer in Situ,likely_include,high,agree_likely_include
NCT06245681,include,recorded_adjudication,Human confirmation: explicit TGD population; cardiac and organ-fat outcomes are measured before and after cross-sex hormone treatment.,"Effects of Cross-sex Hormone Treatment on Cardiac Function, Myocardial and Hepatic Fat Content",OBSERVATIONAL,RECRUITING,2017-10-20,2024-02-07,2025-10-03,40,Medical University of Vienna,gender affirming hormone therapy,Austria,False,18 Years,99 Years,ALL,Gender Dysphoria,likely_include,high,agree_likely_include
NCT06247267,include,recorded_adjudication,"Human confirmation: explicit transgender active-duty population; long-term effects of estradiol/testosterone sex-steroid therapy are measured on bone, body composition, cognition, and quality of life.",The Effect of Sex Steroid Replacement Therapy in the Hypogonadism and Transgender Active-Duty Population,OBSERVATIONAL,RECRUITING,2021-03-09,2024-02-07,2025-07-29,75,Walter Reed National Military Medical Center,Fortesta; Estradiol; Fortesta,United States,False,18 Years,65 Years,ALL,Hypogonadism; Gender Identity Dysphoria,likely_include,high,agree_likely_include
NCT06291675,include,recorded_adjudication,"Human confirmation: explicit TGD population; cardiac, organ-fat, metabolic, and psychological outcomes are measured longitudinally during GAHT.","Gender-Affirming Hormone Therapy and Its Impact on Myocardial Mass and Cardiac Function, Heart, Liver and Pancreatic Fat Content",OBSERVATIONAL,RECRUITING,2023-03-03,2024-03-04,2025-09-26,50,Medical University of Vienna,gender-affirming hormone therapy,Austria,False,18 Years,,ALL,Gender Dysphoria; Hormone Therapy Induced Morphologic Change,likely_include,high,agree_likely_include
NCT06351501,include,recorded_adjudication,"Human confirmation: explicit transgender adolescent population; testosterone/estrogen GAHT timing is directly compared with effectiveness, safety, mental-health, body-composition, and bone outcomes.",Evaluation of the Effectiveness of Hormonal Treatment in Adolescents Suffering From Gender Dysphoria,INTERVENTIONAL,RECRUITING,2024-06-25,2024-04-08,2026-08-10,60,Assistance Publique - Hôpitaux de Paris,hormonal treatment with cross sex hormones (testosterone or oestrogenes) started at 14 years old +/- 6 months; Cross sex hormones ( œstrogenes or testosterone) started at 15.5 years old +/- 6 months,France,False,156 Months,168 Months,ALL,Gender Dysphoria,likely_include,high,agree_likely_include
NCT06357130,include,recorded_adjudication,Human confirmation: explicit TGD population; registered outcomes explicitly analyze knowledge of masculinizing hormone-treatment effects and fertility repercussions.,Gynaecological Care for Transgender People in France in 2024.,OBSERVATIONAL,COMPLETED,2024-06-03,2024-04-10,2026-06-30,246,"University Hospital, Bordeaux",Questionnaire,France,False,18 Years,,ALL,Transgender Management Care,likely_include,high,agree_likely_include
NCT06450405,include,recorded_adjudication,Human confirmation: explicit TGD population; reproductive neuroendocrine outcomes are measured before and during testosterone treatment.,Androgen Effects on the Reproductive Neuroendocrine Axis,INTERVENTIONAL,TERMINATED,2025-02-26,2024-06-10,2025-07-22,2,"University of California, San Diego",Testosterone Cypionate 50 MG/ML Injectable Solution,United States,True,18 Years,35 Years,FEMALE,Transgenderism; Reproductive Issues,likely_include,high,agree_likely_include
NCT06482385,include,recorded_adjudication,Human confirmation: explicit transmasculine population; quality-of-life and sexual-function outcomes are measured before and after testosterone GAHT initiation.,Transmasculine Quality of Life and Sexual Function at Pre and Post Gender-affirming Hormonal Therapy,OBSERVATIONAL,COMPLETED,2022-09-15,2024-07-01,2024-07-01,40,Chulalongkorn University,,Thailand,False,18 Years,,FEMALE,Transgender Men,likely_include,high,agree_likely_include
NCT06487754,include,recorded_adjudication,Human confirmation: explicit transmasculine population; chronic pelvic pain appearing or changing after testosterone GAHT is the explicit subject of study.,New-onset Chronic Pelvic Pain in Transgender People Using Testosterone Therapy: an Exploratory Qualitative Study.,OBSERVATIONAL,RECRUITING,2024-09-27,2024-07-05,2024-12-17,15,"University Hospital, Grenoble",,France,False,18 Years,,ALL,Transgender Persons; Pelvic Pain; Testosterone; Gender-Affirming Care,likely_include,high,agree_likely_include
NCT06573177,include,recorded_adjudication,Human confirmation: explicit TGD youth population; biologic and clinical outcomes are measured before and during cross-sex hormone treatment as well as puberty suppression.,Optimizing Individual Health Care for Young People With Gender Incongruence,OBSERVATIONAL,RECRUITING,2022-01-01,2024-08-27,2024-08-27,1300,"Rigshospitalet, Denmark",Referral to the gender identity service.,Denmark,False,,18 Years,ALL,Gender Incongruence,likely_include,high,agree_likely_include
NCT06615401,include,recorded_adjudication,Human confirmation: explicit transgender veteran population; receipt/access to hormone therapy and associations with mental-health outcomes are explicit study aims.,Understanding Perceived Access and Receipt of Gender-affirming Treatments Among Transgender Veterans,OBSERVATIONAL,COMPLETED,2024-10-01,2024-09-26,2026-01-28,986,VA Office of Research and Development,,United States,True,,,ALL,Gender Dysphoria,human_review,medium,likely_include
NCT06670053,include,recorded_adjudication,Human confirmation: explicit transmasculine/gender-diverse youth population; headache and brain-development outcomes are measured longitudinally before and after testosterone GAHT initiation.,"Puberty, Testosterone, and Brain Development",OBSERVATIONAL,RECRUITING,2024-12-31,2024-11-01,2025-04-03,100,"University of Colorado, Denver",Testosterone,United States,False,12 Years,20 Years,ALL,Gender Identity; Gender Dysphoria in Adolescents and Adults; Headache; Transgender,likely_include,high,agree_likely_include
NCT06710496,include,recorded_adjudication,Human confirmation: explicit TGD population; long-term testosterone GAHT effects on reproductive-organ histology are explicitly studied.,HISTOLOGICAL RESULTS IN TRANSGENDER INDIVIDUALS ASSIGNED TO FEMALES AT BIRTH UNDERGOING GENDER AFFIRMATION SURGERY AND IN TESTOSTERONE THERAPY,OBSERVATIONAL,NOT_YET_RECRUITING,2024-12,2024-11-29,2024-11-29,100,IRCCS Azienda Ospedaliero-Universitaria di Bologna,analysis of medical records,Italy,False,18 Years,,FEMALE,Pregnancy; Smoking Behavior; Testosterone Replacement Therapy; Drugs; Comorbidities and Coexisting Conditions; Gynecological Surgery; Transgender Men; Gender Affirmation Surgery; Hormone Replacement Therapy; Gynecological Disorders,likely_include,high,agree_likely_include
NCT06733415,include,recorded_adjudication,Human confirmation: explicit TGD population; metabolic outcomes are measured before and after initiation of gender-affirming hormone treatment.,Changes in Energy Expenditure (EE) in Transsexuals Undergoing Hormonal Therapy,OBSERVATIONAL,ENROLLING_BY_INVITATION,2024-01-03,2024-12-13,2024-12-13,40,Tel-Aviv Sourasky Medical Center,,Israel,False,17 Years,,ALL,"Transgender; Transgender Persons, M01.777.500",human_review,medium,likely_include
NCT06774053,include,recorded_adjudication,Human confirmation: explicit TGD population; longitudinal cohorts include participants starting or already receiving GAHT with hormone levels and clinical outcomes followed.,Swiss ProspectivE Cohort of TRAnsgender and Gender Diverse Individuals - The SPECTRA Study,OBSERVATIONAL,RECRUITING,2026-04-20,2025-01-14,2026-06-30,600,"University Hospital, Basel, Switzerland",Group A (start of GAHT); Group B (on-going GAHT); Group C (GAS),Switzerland,False,16 Years,,ALL,Transgender Individuals; Gender Incongruence,likely_include,high,agree_likely_include
NCT06807580,include,recorded_adjudication,Human confirmation: explicit transgender women population; progesterone is directly randomized within feminizing GAHT and treatment-related outcomes are measured.,Progesterone in Gender Affirming Hormone Therapy Study,INTERVENTIONAL,RECRUITING,2025-05-12,2025-02-04,2025-12-24,40,Emory University,Placebo; Progesterone,United States,False,18 Years,60 Years,MALE,Transgender Women,likely_include,high,agree_likely_include
NCT06816355,include,recorded_adjudication,Human confirmation: explicit transgender population; postoperative outcomes are explicitly compared by recent testosterone or estrogen exposure.,Exogenous Sex Hormones and PONV,OBSERVATIONAL,COMPLETED,2025-02-04,2025-02-10,2025-02-21,7348,Riverside University Health System Medical Center,Orchiectomy; Hysterectomy; Augmentation mammoplasty,United States,False,18 Years,,ALL,Postoperative Nausea and Vomiting; Sex Hormone; Transgender,likely_include,high,agree_likely_include
NCT06854965,include,recorded_adjudication,"Human confirmation: explicit TGD cohort; quality of life is analyzed with hormone-therapy complications, transition modality, and self-medication variables.",Cohort Study on Factors Associated with the Evolution of Quality of Life Among Transgender Individuals in the French Population,OBSERVATIONAL,NOT_YET_RECRUITING,2025-02-28,2025-03-03,2025-03-03,1500,CNGE Conseil,,France,False,18 Years,,ALL,Transgender Persons,human_review,medium,likely_include
NCT06939257,include,recorded_adjudication,Human confirmation: explicit gender-minority population; chronic-pain and sensory outcomes are compared longitudinally in adults initiating versus not using GAHT.,Pain Outcomes Associated With Exogenous Hormone Therapy in Adults,OBSERVATIONAL,RECRUITING,,,2026-05-14,200,,,,False,18 Years,50 Years,ALL,Pain; Gender Minority Individuals,likely_include,high,agree_likely_include
NCT06953908,include,recorded_adjudication,"Human confirmation: explicit TGD cohort; hormone-therapy effects, complications, and treatment courses are explicit study subjects.",The Copenhagen Gender Identity Cohort,OBSERVATIONAL,RECRUITING,2022-02-01,2025-05-01,2025-05-01,2000,"Rigshospitalet, Denmark",,Denmark,False,18 Years,,ALL,"Gender Identity; Gender Dysphoria, Adult; Gender Incongruence",human_review,medium,likely_include
NCT07092527,include,recorded_adjudication,Human confirmation: explicit TGD population; reproductive hormone secretion is measured before and during testosterone GAHT.,"Androgen Effects on the Reproductive Neuroendocrine Axis, 2025 Version",INTERVENTIONAL,RECRUITING,2025-12-05,2025-07-30,2026-01-15,80,"University of California, San Diego",Testosterone Cypionate 50 milligrams per millileter (mg/mL) Injectable Solution,United States,False,18 Years,35 Years,FEMALE,Transgenderism; Reproductive Issues,likely_include,high,agree_likely_include
NCT07128771,include,recorded_adjudication,Human confirmation: explicit TGD population; cardiovascular and body-composition outcomes are followed from GAHT initiation through subsequent months.,Cardiomodulatory Effects of Gender-Affirming Hormone Therapy,OBSERVATIONAL,ENROLLING_BY_INVITATION,2025-09-05,2025-08-19,2026-01-12,450,"University Hospital, Akershus",,Norway,False,16 Years,,ALL,Gender Incongruence; Cardiovascular Disease (CVD) Risk Factors,likely_include,high,agree_likely_include
NCT07145281,include,recorded_adjudication,Human confirmation: explicit transgender women population; sublingual versus oral estradiol-based feminizing regimens are directly compared for coagulation outcomes.,"Comparing the Effects of Sublingual Estradiol Treatment Versus Oral Estradiol With Cyproterone Acetate (CPA) Treatment on The Coagulation System in Transgender Women: A Prospective, Controlled Cohort Study",INTERVENTIONAL,COMPLETED,2022-11-10,2025-08-28,2025-08-28,30,Tel-Aviv Sourasky Medical Center,"Estradiol (E2); Cyproterone Acetate (Androcur, BAY94-8367)",Israel,False,18 Years,45 Years,MALE,"Gender Dysphoria, Adult; Blood Coagulation; Coagulation Factors; Transgender Persons, M01.777.500; Hemostasis; Transgender Women",likely_include,high,agree_likely_include
NCT07148921,include,recorded_adjudication,Human confirmation: explicit TGD population; pain and sensory thresholds are measured before and during testosterone or estradiol GAHT with hormone concentrations monitored.,Perception of Pain During Gender Affirming Hormone Therapy,OBSERVATIONAL,RECRUITING,2024-12-01,2025-08-29,2025-08-29,40,Medical University of Vienna,Quantitative Sensory Testing; Patient Health Questionnaire 9; Hormone concentrations,Austria,False,18 Years,,ALL,Transgender Persons; Pain Threshold; Perception of Pain; Sex Hormones,likely_include,high,agree_likely_include
NCT07187947,include,recorded_adjudication,Human confirmation: explicit TGD population; cardiovascular outcomes are explicitly studied across masculinizing and feminizing GAHT types and formulations.,Cardiovascular Health of Transgender Individuals During the Gender-affirming Pathway,OBSERVATIONAL,RECRUITING,2025-07-18,2025-09-23,2025-09-23,500,IRCCS Azienda Ospedaliero-Universitaria di Bologna,Feminizing GAHT; Masculinizing GAHT,Italy,False,18 Years,,ALL,Gender Incongruence; Cardiovascular (CV) Risk; Cardiovascular Disease Risk Factor; Cardiovascular Disease Acute; Cardiovascular Health Status; Cardiovascular Disease (CVD); Cardiovascular Disease Prevention,likely_include,high,agree_likely_include
NCT07252687,include,recorded_adjudication,Human confirmation: explicit transmasculine population; chest perception is measured longitudinally before and during GAHT and after mastectomy.,The Effect of Gender-affirmative Measures on Breast Perception in Trans Men,OBSERVATIONAL,RECRUITING,2025-11-30,2025-11-28,2026-03-06,100,Medical University Innsbruck,"quality of life questionnaire- iTransQoL, chest dysphoria measure",Austria,False,16 Years,,FEMALE,Transgender; Gender Dysphoria in Adolescents and Adults,likely_include,high,agree_likely_include
NCT07358897,include,recorded_adjudication,Human confirmation: explicit transgender population; immune outcomes and hormone concentrations are measured before and after estrogen or testosterone GAHT initiation.,Gender Affirming Hormone Therapy and Immune Function in Trans Individuals - The GIFT Study,OBSERVATIONAL,NOT_YET_RECRUITING,2026-02-16,2026-01-22,2026-01-22,500,Imperial College London,,,False,18 Years,50 Years,ALL,Transgender,likely_include,high,agree_likely_include
NCT07394400,include,recorded_adjudication,"Human confirmation: explicit transgender population; cardiovascular, metabolic, inflammatory, and mental-health outcomes are measured before and during GAHT.","Effects of Gender-Affirming Hormone Therapy on Cardiovascular, Metabolic, and Mental Health Outcomes in Transgender Adults.",OBSERVATIONAL,NOT_YET_RECRUITING,2026-02-14,2026-02-06,2026-02-06,94,Milagros Rocha Barajas,,Spain,False,16 Years,,ALL,Transgender Individuals,likely_include,high,agree_likely_include
NCT07400419,include,recorded_adjudication,Human confirmation: explicit TGD population initiating estrogen-based GAHT; treatment-related body-composition and muscle changes are evaluated with resistance exercise.,Effects of Resistance Exercise Among TGD Individuals Initiating Estrogen-Based Gender-Affirming Hormone Therapy,INTERVENTIONAL,RECRUITING,2026-04-16,2026-02-10,2026-07-13,60,Massachusetts General Hospital,Resistance Exercise Program; Nutrition and Exercise Counseling,United States,False,18 Years,,MALE,Muscle Mass and Strength,likely_include,high,agree_likely_include
NCT07481942,include,recorded_adjudication,Human confirmation: explicit transgender population; body-composition outcomes are measured after testosterone GAHT and testosterone formulations are compared.,Body Composition Assessment in Transgender Population.,OBSERVATIONAL,COMPLETED,2017-01-01,2026-03-19,2026-03-23,70,Celia Bañuls,gender affirming hormone therapy,Spain,False,14 Years,,FEMALE,Transgender,likely_include,high,agree_likely_include
NCT07542964,include,recorded_adjudication,Human confirmation: explicit TGD population; renal physiology is measured before and after testosterone or estrogen/antiandrogen GAHT.,Transgender Analysis of Nephrological Studies Focused on Renal Metrics,OBSERVATIONAL,NOT_YET_RECRUITING,2026-09,2026-04-21,2026-04-21,60,"Amsterdam UMC, location VUmc",P-aminohippurate clearance study; Iohexol infusion; Hyperinsulinemic clamp,Netherlands,False,18 Years,40 Years,ALL,Kidney Disease; Kidney Injury; Transgender Individuals,likely_include,high,agree_likely_include
NCT07624747,include,recorded_adjudication,Human confirmation: explicit transgender adult population; brain and cognitive outcomes are measured before and after GAHT initiation.,Brain Health in Transgender Adults,OBSERVATIONAL,RECRUITING,2025-10-14,2026-06-03,2026-06-03,72,"University of Wisconsin, Madison",Magnetic Resonance Imaging; Cognition and Health Tests; Optional Exercise Test,United States,False,18 Years,45 Years,ALL,Gender Dysphoria,likely_include,high,agree_likely_include
NCT07746999,include,recorded_adjudication,Human confirmation: explicit transgender population; liver outcomes are analyzed by GAHT duration and regimen-related exposure.,North Jersey Community Research Initiative (NJCRI) Study on Transgender Liver Health,OBSERVATIONAL,ENROLLING_BY_INVITATION,2025-03-15,2026-08-05,2026-08-05,60,Corey DeStefano,,United States,False,18 Years,,ALL,HEPATITIS C (HCV),likely_include,high,agree_likely_include
