nct_id,brief_title,criterion_1_tgd,criterion_2_gaht,ai_triage,ai_triage_reason,confidence,human_decision_existing
NCT00023543,Reduction of Triglycerides in Women on Hormone Replacement Therapy,no,no,obvious_exclude,No explicit TGD population; study evaluates postmenopausal hormone therapy in cisgender women.,high,exclude
NCT00082082,A Trial of Thymalfasin in Adult Patients With Hepatocellular Carcinoma,no,no,obvious_exclude,No explicit TGD population; study evaluates contraceptive efficacy/safety in cisgender women.,high,exclude
NCT00146146,Testosterone and Its Metabolites in GID,yes,yes,likely_include,"Explicit transgender/gender-diverse population; GAHT is an explicit intervention, exposure, monitoring target, or primary variable.",high,include
NCT00188708,Effect of Casodex on Tumour Hypoxia - Prostate Cancer,no,no,obvious_exclude,No explicit TGD population; oncology/urologic study in prostate disease/cancer.,high,exclude
NCT00450749,Lycopene in Treating Patients Undergoing Radical Prostatectomy for Prostate Cancer,no,no,obvious_exclude,No explicit TGD population; oncology/urologic study in prostate disease/cancer.,high,exclude
NCT00544882,A Study to Evaluate Hormone Patterns and Ovarian Follicular Activity With DR-1021,no,no,obvious_exclude,No explicit TGD population; study evaluates contraceptive efficacy/safety in cisgender women.,high,exclude
NCT00608400,Effect of Dietary Conjugated Linoleic Acid (CLA) on Parathyroid Hormone in Men,no,no,obvious_exclude,No explicit transgender or gender-diverse study population identified in registry record.,high,exclude
NCT00668603,Comparison of Vascular Findings Between Symptomatic and Asymptomatic Postmenopausal Women Before and During Hormone Therapy (HRT),no,no,obvious_exclude,No explicit TGD population; study evaluates postmenopausal hormone therapy in cisgender women.,high,
NCT00684606,Transcervical Foley Catheter With or Without Oxytocin for Induction of Labor,no,no,obvious_exclude,No explicit TGD population; reproductive or obstetric study in cisgender population.,high,
NCT00705796,Influence of Administration Route of Testosterone on Male Fertility,no,no,obvious_exclude,No explicit TGD population; study evaluates testosterone in male hypogonadism.,high,
NCT00711607,"A Trial to Assess the Pharmacokinetic Profile (e.g., Uptake, Distribution and Excretion of a Substance in the Body) of Nomegestrol Acetate (NOMAC), Estradiol (E2) and Estrone (E1) After Multiple and Single Dose Administration of the Combined Oral Contraception NOMAC-E2 (COMPLETED)(P05822)",no,no,obvious_exclude,No explicit TGD population; study evaluates contraceptive efficacy/safety in cisgender women.,high,
NCT00766857,Effects of Exenatide in Type 2 Diabetic Patients With Congestive Heart Failure,no,no,obvious_exclude,No explicit TGD population; study evaluates postmenopausal hormone therapy in cisgender women.,high,
NCT00789607,Fiducial Localization and Individualized Radiotherapy -Prostate Cancer,no,no,obvious_exclude,No explicit TGD population; oncology/urologic study in prostate disease/cancer.,high,
NCT00805701,Study Assessing The Efficacy And Safety Of Avodart (Dutasteride) At Improving Urinary Symptoms In Men With Prostate Cancer Who Are Undergoing Seed Implantation,no,no,obvious_exclude,No explicit TGD population; oncology/urologic study in prostate disease/cancer.,high,
NCT00831233,Symptomatic Study Investigating Degarelix in Patients Suffering From Prostate Cancer,no,no,obvious_exclude,No explicit TGD population; oncology/urologic study in prostate disease/cancer.,high,
NCT00833248,Neoadjuvant Study Investigating Degarelix in Patients Suffering From Prostate Cancer,no,no,obvious_exclude,No explicit TGD population; oncology/urologic study in prostate disease/cancer.,high,
NCT00866554,Efficacy and Toxicity of Bicalutamide and Dutasteride vs. Standard Care for Prostate Cytoreduction for Brachytherapy,no,no,obvious_exclude,No explicit TGD population; oncology/urologic study in prostate disease/cancer.,high,
NCT00884273,Investigation of the Effect of Degarelix in Terms of Prostate Volume Reduction in Prostate Cancer Patients,no,no,obvious_exclude,No explicit TGD population; oncology/urologic study in prostate disease/cancer.,high,
NCT00887380,STARS Breast Trial (Study of Anastrozole and Radiotherapy Sequencing),no,no,obvious_exclude,No explicit TGD population; oncology study in breast cancer.,high,
NCT00962637,Study to Evaluate the Safety and Efficacy of Androxal™ Treatment in Men With Secondary Hypogonadism,no,no,obvious_exclude,No explicit TGD population; oncology/urologic study in prostate disease/cancer.,high,
NCT00985738,Role of Dutasteride in Patients Undergoing 3D Mapping Biopsy in Early Stage Prostate Cancer,no,no,obvious_exclude,No explicit TGD population; oncology/urologic study in prostate disease/cancer.,high,
NCT01065220,Sex Steroids and the Serotonin Transporter,yes,yes,likely_include,"Explicit transgender/gender-diverse population; GAHT is an explicit intervention, exposure, monitoring target, or primary variable.",high,
NCT01072825,A European Network for the Investigation of Gender Incongruence,yes,yes,likely_include,"Explicit transgender/gender-diverse population; GAHT is an explicit intervention, exposure, monitoring target, or primary variable.",high,
NCT01171911,Comparison of Intravenous Injection of Calcium Antagonist and Beta-blockade on Endothelial Shear Stress of Coronary Artery,no,no,obvious_exclude,No explicit TGD population; reproductive or obstetric study in cisgender population.,high,
NCT01292785,"Effects of Sex Steroid Hormones on Human Brain Function, Structure and Connectivity",yes,yes,likely_include,"Explicit transgender/gender-diverse population; GAHT is an explicit intervention, exposure, monitoring target, or primary variable.",high,
NCT01354977,Effect of Resveratrol on Age-related Insulin Resistance and Inflammation in Humans,no,no,obvious_exclude,No explicit transgender or gender-diverse study population identified in registry record.,high,
NCT01523483,Vaginal Progesterone for Prevention of Preterm Birth After an Episode of Preterm Labor,no,no,obvious_exclude,No explicit TGD population; reproductive or obstetric study in cisgender population.,high,
NCT01534351,Comparison of Finasteride and Tamsulosin for Treatment of Benign Prostatic Hyperplasia (BPH) (MK-0906A-149 AM2),no,no,obvious_exclude,No explicit TGD population; oncology/urologic study in prostate disease/cancer.,high,
NCT01653925,Molecular Mechanisms of Dutasteride and Dietary Interventions to Prevent Prostate Cancer and Reduce Its Progression,no,no,obvious_exclude,No explicit TGD population; oncology/urologic study in prostate disease/cancer.,high,
NCT01662466,Effect of Testosterone Treatment on Embryo Quality,no,no,obvious_exclude,No explicit TGD population; reproductive or obstetric study in cisgender population.,high,
NCT01720459,Effects of Micronized Trans-resveratrol Treatment on Polycystic Ovary Syndrome (PCOS) Patients,no,no,obvious_exclude,No explicit TGD population; study investigates polycystic ovary syndrome in cisgender women.,high,
NCT01755182,Systemic Therapy With or Without Upfront Transarterial Embolization for Inoperable Liver Metastasis of Neuroendocrine Tumors,no,no,obvious_exclude,No explicit transgender or gender-diverse study population identified in registry record.,high,
NCT01812161,Effect of Low-frequency Electroacupuncture (EA) on Polycystic Ovary Syndrome,no,no,obvious_exclude,No explicit TGD population; study investigates polycystic ovary syndrome in cisgender women.,high,
NCT01828320,"Triple Vulnerability? Circadian Tendency, Sleep Deprivation and Adolescence",no,no,obvious_exclude,No explicit transgender or gender-diverse study population identified in registry record.,high,
NCT01858194,REnal Sympathetic dEnervaTion as an a Adjunct to Catheter-based VT Ablation,no,no,obvious_exclude,No explicit TGD population; reproductive or obstetric study in cisgender population.,high,
NCT01880489,Multicomponent Intervention to Reduce Sexual Risk and Substance Use,yes,unclear,human_review,"Explicit TGD population, but study evaluates behavioral/psychosocial intervention; human review required to confirm hormone role.",medium,
NCT01882985,"Docetaxel Plus Lycopene in Castration Resistant, Chemotherapy-Naïve Prostate Cancer Patients",no,no,obvious_exclude,No explicit TGD population; oncology/urologic study in prostate disease/cancer.,high,
NCT01897324,IVF/ICSI Protocols in Poor Responders With Growth Hormone,no,no,obvious_exclude,No explicit TGD population; study evaluates contraceptive efficacy/safety in cisgender women.,high,
NCT01931982,Effect of Glucagon-like Peptide 1 (GLP-1) on Microvascular Myocardial Function in Patients With Type 2 Diabetes.,no,no,obvious_exclude,No explicit TGD population; reproductive or obstetric study in cisgender population.,high,
NCT01999686,"PCOS Treatment Using DLBS3233, Metformin, and Combination of Both",no,no,obvious_exclude,No explicit TGD population; study investigates polycystic ovary syndrome in cisgender women.,high,
NCT02018497,Essential Hypotension and Allostasis Registry,no,no,obvious_exclude,No explicit TGD population; reproductive or obstetric study in cisgender population.,high,
NCT02060474,Thyroid Hormone Analog Therapy in MCT8 Deficiency: Triac Trial Patients,no,no,obvious_exclude,No explicit TGD population; reproductive or obstetric study in cisgender population.,high,
NCT02119377,First Australian National Trans Mental Health Study,yes,unclear,human_review,"Explicit TGD population, but GAHT research role requires human adjudication to distinguish explicit exposure from background use.",medium,
NCT02185274,Observational Study on Metabolism and Psychopathology in Transsexual Patients,yes,yes,likely_include,"Explicit transgender/gender-diverse population; GAHT is an explicit intervention, exposure, monitoring target, or primary variable.",high,
NCT02229617,Subcutaneous Testosterone Project,yes,yes,likely_include,"Explicit transgender/gender-diverse population; GAHT is an explicit intervention, exposure, monitoring target, or primary variable.",high,
NCT02264743,Oral Verses Patch Trial In Menopausal Women - Individualisation of Oestrogen Therapy,no,no,obvious_exclude,No explicit TGD population; study evaluates postmenopausal hormone therapy in cisgender women.,high,
NCT02378246,Swedish Iodine in Pregnancy and Development in Children (SWIDDICH) Study,no,no,obvious_exclude,No explicit TGD population; reproductive or obstetric study in cisgender population.,high,
NCT02380027,PRostate Evaluation for Clinically Important Disease: Sampling Using Image-guidance Or Not?,no,no,obvious_exclude,No explicit TGD population; oncology/urologic study in prostate disease/cancer.,high,
NCT02381340,ACE Stapler Sub Study,no,no,obvious_exclude,No explicit TGD population; study evaluates contraceptive efficacy/safety in cisgender women.,high,
NCT02381821,Endometrial Volume and Sub-endometrial Vascularity as Predictors of In-vitro Fertilization Success,no,no,obvious_exclude,No explicit TGD population; reproductive or obstetric study in cisgender population.,high,
NCT02396459,Triac Trial II in MCT8 Deficiency Patients,no,no,obvious_exclude,No explicit transgender or gender-diverse study population identified in registry record.,high,
NCT02434562,Development and Validation of in Vitro Cell-based Bioassays for Nuclear Receptor Activation,yes,unclear,human_review,"Explicit TGD population, but study evaluates HIV/PrEP intervention; human review required to confirm if GAHT interactions are analyzed.",medium,
NCT02518009,GEnder Dysphoria Treatment in Sweden,yes,yes,likely_include,"Explicit transgender/gender-diverse population; GAHT is an explicit intervention, exposure, monitoring target, or primary variable.",high,
NCT02524041,Association Between Serum Periostin Levels and Cortical Porosity in Patients With Secondary Hyperparathyroidism,no,no,obvious_exclude,No explicit TGD population; study evaluates postmenopausal hormone therapy in cisgender women.,high,
NCT02550431,Trans Health: Evaluation of Markers of Cardio-metabolic Health and Well-being in Transgender Youth,yes,yes,likely_include,"Explicit transgender/gender-diverse population; GAHT is an explicit intervention, exposure, monitoring target, or primary variable.",high,
NCT02551367,Letrozole Versus Clomiphene Citrate for Ovulation Induction in Women With Poly Cystic Ovary Syndrome ( PCOS ),no,no,obvious_exclude,No explicit TGD population; study investigates polycystic ovary syndrome in cisgender women.,high,
NCT02715232,Effects of Sex Steroids on the Serotonin System,yes,yes,likely_include,"Explicit transgender/gender-diverse population; GAHT is an explicit intervention, exposure, monitoring target, or primary variable.",high,
NCT02741154,Role of Aromatase Inhibitor to Enhance Ovulation in Poor Responder During Induction With Short Antagonist Protocol in Cases of ICSI,no,no,obvious_exclude,No explicit TGD population; reproductive or obstetric study in cisgender population.,high,
NCT02766764,Combined Dehydropeiandrosterone and Growth Hormone in Women With Expected Poor Ovarian Response Undergoing ICSI,no,no,obvious_exclude,No explicit TGD population; reproductive or obstetric study in cisgender population.,high,
NCT02766803,Effects of Simvastatin and Micronized Trans-resveratrol Treatment on Polycystic Ovary Syndrome (PCOS) Patients,no,no,obvious_exclude,No explicit TGD population; study investigates polycystic ovary syndrome in cisgender women.,high,
NCT02936258,PRostate Evaluation for Clinically Important Disease: MRI vs Standard Evaluation Procedures,no,no,obvious_exclude,No explicit TGD population; oncology/urologic study in prostate disease/cancer.,high,
NCT02936505,Clinical Study Evaluating Two Treatment Protocols for Immunosuppressive Drugs. Looking at 3-year Incidence of CLAD.,no,no,obvious_exclude,No explicit TGD population; reproductive or obstetric study in cisgender population.,high,
NCT02983110,Sex Hormone Therapy and Mucosal Tissues,yes,yes,likely_include,"Explicit transgender/gender-diverse population; GAHT is an explicit intervention, exposure, monitoring target, or primary variable.",high,
NCT02985996,Body Compartment PK for New HIV Pre-exposure Prophylaxis Modalities,yes,unclear,human_review,"Explicit TGD population, but GAHT research role requires human adjudication to distinguish explicit exposure from background use.",medium,
NCT03060785,Finding the Right Tenofovir/Emtricitabine Regimen for Pre-Exposure Prophylaxis (PrEP) in Transgender Women,yes,unclear,human_review,"Explicit TGD population, but GAHT research role requires human adjudication to distinguish explicit exposure from background use.",medium,
NCT03078829,The Relation of GnRH Treatment to QTc Interval in Transgender Females,yes,unclear,human_review,"Explicit TGD population, but GAHT research role requires human adjudication to distinguish explicit exposure from background use.",medium,
NCT03081559,Improving Engagement in HIV Care for High-risk Women,yes,unclear,human_review,"Explicit TGD population, but study evaluates behavioral/psychosocial intervention; human review required to confirm hormone role.",medium,
NCT03088631,Metformin in Intracytoplasmic Sperm Injection Cycles,no,no,obvious_exclude,No explicit TGD population; study evaluates contraceptive efficacy/safety in cisgender women.,high,
NCT03120936,The Stay Study: A Demonstration Project Advancing PrEP Delivery in the San Francisco Bay Area Transgender Community,yes,unclear,human_review,"Explicit TGD population, but study evaluates behavioral/psychosocial intervention; human review required to confirm hormone role.",medium,
NCT03191474,Linkage of Transgender Individuals to PrEP,yes,unclear,human_review,"Explicit TGD population, but study evaluates HIV/PrEP intervention; human review required to confirm if GAHT interactions are analyzed.",medium,
NCT03220152,Implementation of PrEP to HIV in Brazilian Transgender Women,yes,unclear,human_review,"Explicit TGD population, but GAHT research role requires human adjudication to distinguish explicit exposure from background use.",medium,
NCT03230084,Use of a Home-based PDG Urine Test to Confirm Ovulation,no,no,obvious_exclude,No explicit TGD population; study evaluates contraceptive efficacy/safety in cisgender women.,high,
NCT03259516,Nivolumab With Chemotherapy in Refractory MDS,no,no,obvious_exclude,No explicit TGD population; study evaluates contraceptive efficacy/safety in cisgender women.,high,
NCT03270969,A Pharmacokinetic Evaluation of Tenofovir/Emtricitabine as HIV Pre-Exposure Prophylaxis in Transgender Women,yes,yes,likely_include,"Explicit transgender/gender-diverse population; GAHT is an explicit intervention, exposure, monitoring target, or primary variable.",high,
NCT03293771,Transgender Post-reassignment Urogynecologic Measures and Perceptions,yes,unclear,human_review,"Explicit TGD population, but GAHT research role requires human adjudication to distinguish explicit exposure from background use.",medium,
NCT03395574,Effect of Terlipressin on Cerebral Oxygen Saturation During Liver Transplantation,no,no,obvious_exclude,No explicit transgender or gender-diverse study population identified in registry record.,high,
NCT03436992,Estrogen and Diabetes,no,no,obvious_exclude,No explicit TGD population; reproductive or obstetric study in cisgender population.,high,
NCT03445910,Intrauterine Injection of Human Chorionic Gonadotrophin and Pregnancy Rate in ICSI,no,no,obvious_exclude,No explicit TGD population; reproductive or obstetric study in cisgender population.,high,
NCT03457233,The Impact of Body Weight on Reproductive Outcomes in Poor Ovarian Responders in ICSI Cycles,no,no,obvious_exclude,No explicit TGD population; study investigates polycystic ovary syndrome in cisgender women.,high,
NCT03465852,HIV Prevention Among Latina Transgender Women Who Have Sex With Men: Evaluation of a Locally Developed Intervention,yes,unclear,human_review,"Explicit TGD population, but study evaluates HIV/PrEP intervention; human review required to confirm if GAHT interactions are analyzed.",medium,
NCT03476356,L-Carnitine and Clomiphene Citrate for Induction of Ovulation in Women With Polycystic Ovary Syndrome,no,no,obvious_exclude,No explicit TGD population; study investigates polycystic ovary syndrome in cisgender women.,high,
NCT03484611,Prediction of Metaphase II Oocytes According to Different Levels of Serum AMH in Poor Responders Using the Antagonist Protocol,no,no,obvious_exclude,No explicit TGD population; study investigates polycystic ovary syndrome in cisgender women.,high,
NCT03516747,Preoperational Fine Needle Aspiration of Pathological Parathyroid Gland,no,no,obvious_exclude,No explicit TGD population; reproductive or obstetric study in cisgender population.,high,
NCT03528135,Project PRIDE (Promoting Resilience In Discriminatory Environments),no,no,obvious_exclude,No explicit transgender or gender-diverse study population identified in registry record.,high,
NCT03557268,Pubertal Blockade and Hormone Therapy in Transgender Youth,yes,yes,likely_include,"Explicit transgender/gender-diverse population; GAHT is an explicit intervention, exposure, monitoring target, or primary variable.",high,
NCT03572387,A Pilot Study of 5-AZA and ATRA for Prostate Cancer With PSA-only Recurrence After Local Treatment,no,no,obvious_exclude,No explicit TGD population; oncology/urologic study in prostate disease/cancer.,high,
NCT03593317,Blockade of the Renin-angiotensin-aldosterone System in Patients With ARVD,no,no,obvious_exclude,No explicit transgender or gender-diverse study population identified in registry record.,high,
NCT03595956,Transgender Cohort Study of Gender Affirmation and HIV-related Health,yes,unclear,human_review,"Explicit TGD population, but study evaluates HIV/PrEP intervention; human review required to confirm if GAHT interactions are analyzed.",medium,
NCT03602222,An LGBT-Competency Program for Mental Health Professionals in Romania,yes,unclear,human_review,"Explicit TGD population, but study evaluates HIV/PrEP intervention; human review required to confirm if GAHT interactions are analyzed.",medium,
NCT03620734,Study to Determine Interaction Between the Use of Feminizing Hormone Therapy and Antiretroviral Agents Concomitantly Among Transgender Women,yes,yes,likely_include,"Explicit transgender/gender-diverse population; GAHT is an explicit intervention, exposure, monitoring target, or primary variable.",high,
NCT03637920,Sexuality in Transmen During Hormone and Operative Treatment,yes,yes,likely_include,"Explicit transgender/gender-diverse population; GAHT is an explicit intervention, exposure, monitoring target, or primary variable.",high,
NCT03643120,Gender Dysphoria Among Adolescents (Norwegian Title: Kjønnsdysfori Blant Ungdom),yes,no,human_review,"Explicit TGD population, but evaluates puberty suppression with GnRH agonists alone without explicit GAHT component; human review required.",medium,
NCT03651427,Cross-sex Hormone Therapy and Neuronal Plasticity,yes,yes,likely_include,"Explicit transgender/gender-diverse population; GAHT is an explicit intervention, exposure, monitoring target, or primary variable.",high,
NCT03652623,"Transgender Youth and PrEP: PK, Safety, Uptake & Adherence - PK Study",yes,yes,likely_include,"Explicit transgender/gender-diverse population; GAHT is an explicit intervention, exposure, monitoring target, or primary variable.",high,
NCT03683043,Comparative Study Between ICSI Results in Transvaginal Ultrasound Guided Embryo Transfer and Transabdominal Ultrasound Guided Embryo Transfer,no,no,obvious_exclude,No explicit TGD population; reproductive or obstetric study in cisgender population.,high,
NCT03725280,Micro RNA Profile in the Ovarian Follicle Fluid of Transgender Men,yes,yes,likely_include,Explicit transgender male population; compares ovarian tissue before vs after testosterone GAHT exposure in IVF setting.,high,
NCT03757117,Gender-Affirmative Transgender Care to Improve the HIV Treatment Cascade,yes,yes,likely_include,"Explicit transgender/gender-diverse population; GAHT is an explicit intervention, exposure, monitoring target, or primary variable.",high,
NCT03784404,Trans-vaginal Aspiration of Small Ovarian Endometrioma. Comparison of Two Different Techniques Before ICSI,no,no,obvious_exclude,No explicit TGD population; study evaluates contraceptive efficacy/safety in cisgender women.,high,
NCT03789331,Anogenital Distance Differences Between Transgender Males and Female Individuals,yes,unclear,human_review,"Explicit TGD population, but GAHT research role requires human adjudication to distinguish explicit exposure from background use.",medium,
NCT03826563,Melatonin Effects on Sleep and Circadian Rhythm in Youth and Young Adults With At-risk Symptoms,no,no,obvious_exclude,No explicit TGD population; study evaluates contraceptive efficacy/safety in cisgender women.,high,
NCT03836027,Fertility Desires and Reproductive Needs of Transgender People,yes,yes,likely_include,"Explicit transgender/gender-diverse population; GAHT is an explicit intervention, exposure, monitoring target, or primary variable.",high,
NCT03848234,"Estradiol Patch as add-on to Antipsychotics in Patients With Schizophrenia, Schizoaffective or Schizophreniform Disorder",no,no,obvious_exclude,No explicit TGD population; oncology study in breast cancer.,high,
NCT03864198,"To Evaluate the Effect of Reveratrol,Folic Acid, Vitamin D, Vitamin B12 and B6 in Male Infertility",no,no,obvious_exclude,No explicit TGD population; oncology/urologic study in prostate disease/cancer.,high,
NCT03864913,Comparing Subcutaneous Testosterone to Intramuscular Testosterone in Gender Affirming Care of Transgender Male Adolescents,yes,yes,likely_include,"Explicit transgender/gender-diverse population; GAHT is an explicit intervention, exposure, monitoring target, or primary variable.",high,
NCT03872648,TransCare - Genital Surgery for Trans Women in Centralized vs. Decentralized Health Care Delivery Settings,yes,unclear,human_review,"Explicit TGD population, but GAHT research role requires human adjudication to distinguish explicit exposure from background use.",medium,
NCT03876145,The Four Methods of Ovarian Stimulation in Patients With Polycystic Ovarian Syndrome,no,no,obvious_exclude,No explicit TGD population; study investigates polycystic ovary syndrome in cisgender women.,high,
NCT03878524,Serial Measurements of Molecular and Architectural Responses to Therapy (SMMART) PRIME Trial,no,no,obvious_exclude,No explicit TGD population; oncology/urologic study in prostate disease/cancer.,high,
NCT03899896,Voice Feminisation in Transgender Women,yes,unclear,human_review,"Explicit TGD population, but primary intervention is vocal/speech therapy; human review required to verify if GAHT is an analyzed variable.",medium,
NCT03964779,Prevalence of Thyroid Dysfunction and Anti-thyroid Antibodies in Infertile Women,no,no,obvious_exclude,No explicit TGD population; reproductive or obstetric study in cisgender population.,high,
NCT03989778,Vitamin D and Polycystic Ovarian Syndrome (PCOS),no,no,obvious_exclude,No explicit TGD population; study investigates polycystic ovary syndrome in cisgender women.,high,
NCT04028219,Transgender In Transition,yes,yes,likely_include,"Explicit transgender/gender-diverse population; GAHT is an explicit intervention, exposure, monitoring target, or primary variable.",high,
NCT04036500,Transgender Estradiol,yes,yes,likely_include,"Explicit transgender/gender-diverse population; GAHT is an explicit intervention, exposure, monitoring target, or primary variable.",high,
NCT04050371,Study of Truvada for HIV Pre Exposure Prophylaxis Using Daily Directly Observed Therapy to Look at Potential Interactions Between Truvada and Hormone Therapy,yes,yes,likely_include,"Explicit transgender/gender-diverse population; GAHT is an explicit intervention, exposure, monitoring target, or primary variable.",high,
NCT04064671,ZEPHYR: A Study Evaluating Surgical Outcome After Implantation of the Zephyr ZSI 475 FTM Inflatable Penile Implant in the Neophallus After Female-to-male Sex Reassignment Surgery,yes,unclear,human_review,"Explicit TGD population, but primary intervention is surgical technique; human review required to verify if GAHT is an analyzed variable.",medium,
NCT04066283,Effects of Aging and Gender-Affirming Hormone Therapy on Vascular Endothelial Function and Metabolic Profiles in Transgender Women,yes,yes,likely_include,"Explicit transgender/gender-diverse population; GAHT is an explicit intervention, exposure, monitoring target, or primary variable.",high,
NCT04071574,Comparative Study on the Efficacy of Ovarian Stimulation Protocols on the Success Rate of ICSI in Female Infertility,no,no,obvious_exclude,No explicit TGD population; study investigates polycystic ovary syndrome in cisgender women.,high,
NCT04077138,"Transgender Youth and PrEP: PK, Safety, Uptake & Adherence - Intervention Development",yes,yes,likely_include,"Explicit transgender/gender-diverse population; GAHT is an explicit intervention, exposure, monitoring target, or primary variable.",high,
NCT04077151,"Transgender Youth and PrEP: PK, Safety, Uptake & Adherence - Demonstration Project",yes,yes,likely_include,"Explicit transgender/gender-diverse population; GAHT is an explicit intervention, exposure, monitoring target, or primary variable.",high,
NCT04093518,Estradiol as add-on to Antipsychotics,no,no,obvious_exclude,No explicit TGD population; study evaluates postmenopausal hormone therapy in cisgender women.,high,
NCT04096053,Transgender Education for Affirmative and Competent HIV and Healthcare,yes,unclear,human_review,"Explicit TGD population, but study evaluates HIV/PrEP intervention; human review required to confirm if GAHT interactions are analyzed.",medium,
NCT04107480,PRolaCT - Three Prolactinoma RCTs,no,no,obvious_exclude,No explicit TGD population; reproductive or obstetric study in cisgender population.,high,
NCT04128488,Effects of Gender-Affirming Hormone Therapy Among Transgender Women,yes,yes,likely_include,"Explicit transgender/gender-diverse population; GAHT is an explicit intervention, exposure, monitoring target, or primary variable.",high,
NCT04149028,Platelet Rich Plasma Injection Into Ovary of Patients With Premature Ovarian Insufficiency,no,no,obvious_exclude,No explicit TGD population; reproductive or obstetric study in cisgender population.,high,
NCT04160364,Gender Dysphoria in Children and Adolescents : Parents' Perspectives,yes,unclear,human_review,"Explicit TGD population, but GAHT research role requires human adjudication to distinguish explicit exposure from background use.",medium,
NCT04195659,Chest Dysphoria in Transmasculine Spectrum Adolescents,yes,unclear,human_review,"Explicit TGD population, but primary intervention is surgical technique; human review required to verify if GAHT is an analyzed variable.",medium,
NCT04203381,Skeletal Health and Bone Marrow Composition Among Youth,yes,yes,likely_include,"Explicit transgender/gender-diverse population; GAHT is an explicit intervention, exposure, monitoring target, or primary variable.",high,
NCT04217707,Transgender Therapeutic Support Groups,yes,unclear,human_review,"Explicit TGD population, but primary intervention is surgical technique; human review required to verify if GAHT is an analyzed variable.",medium,
NCT04237467,Effects of Aging and Gender-Affirming Hormone Therapy on Vascular Endothelial Function and Metabolic Profiles in Transgender Men,yes,yes,likely_include,"Explicit transgender/gender-diverse population; GAHT is an explicit intervention, exposure, monitoring target, or primary variable.",high,
NCT04254354,"Transgender Men, Non-binary Persons and Testosterone Treatment BODY IDENTITY CLINIC",yes,yes,likely_include,"Explicit transgender/gender-diverse population; GAHT is an explicit intervention, exposure, monitoring target, or primary variable.",high,
NCT04265885,Gender Dysphoria and Transition,yes,unclear,human_review,"Explicit TGD population, but GAHT research role requires human adjudication to distinguish explicit exposure from background use.",medium,
NCT04283656,Evaluating Drug Interactions Between Doravirine With Estradiol and Spironolactone in Healthy Transgender Women,yes,yes,likely_include,"Explicit transgender/gender-diverse population; GAHT is an explicit intervention, exposure, monitoring target, or primary variable.",high,
NCT04290286,"i2TransHealth: Interdisciplinary, Internet-based Trans Health Care",yes,unclear,human_review,"Explicit TGD population, but GAHT research role requires human adjudication to distinguish explicit exposure from background use.",medium,
NCT04309760,Developmental Correlates and Hormone Therapy Effects in Gender Dysphoria,yes,yes,likely_include,"Explicit transgender/gender-diverse population; GAHT is an explicit intervention, exposure, monitoring target, or primary variable.",high,
NCT04321551,Hormone Secretion in Transgender Males,yes,yes,likely_include,"Explicit transgender/gender-diverse population; GAHT is an explicit intervention, exposure, monitoring target, or primary variable.",high,
NCT04326569,Copeptin in the Diagnosis of Post-operative Insipidus Diabetes After Pituitary Surgery,no,no,obvious_exclude,No explicit transgender or gender-diverse study population identified in registry record.,high,
NCT04336891,Effect of Testosterone Treatment on Clitoral Arteries' Hemodynamic Parameters.,yes,yes,likely_include,"Explicit transgender/gender-diverse population; GAHT is an explicit intervention, exposure, monitoring target, or primary variable.",high,
NCT04361175,Cost Effectiveness Analysis for Induction of Ovulation in the Polycystic Ovary Syndrome by Letrozole Versus Clomiphene Citrate,no,no,obvious_exclude,No explicit TGD population; study investigates polycystic ovary syndrome in cisgender women.,high,
NCT04371783,A Randomized Trial Comparing the Live Birth Rate of Immediate Versus Delayed FET Following a Freeze-all Strategy,no,no,obvious_exclude,No explicit TGD population; reproductive or obstetric study in cisgender population.,high,
NCT04374708,Gender Identity and Own Body Perception,yes,yes,likely_include,"Explicit transgender/gender-diverse population; GAHT is an explicit intervention, exposure, monitoring target, or primary variable.",high,
NCT04378439,Appalachian Partnership to Reduce Disparities (Aim 2),yes,unclear,human_review,"Explicit TGD population, but study evaluates behavioral/psychosocial intervention; human review required to confirm hormone role.",medium,
NCT04414748,Comparison of the Euploid Rate of Blastocyst Between PPOS and GnRH Antagonist Protocol in Patients Undergoing PGT-A,no,no,obvious_exclude,No explicit TGD population; reproductive or obstetric study in cisgender population.,high,
NCT04414761,Live Birth Rate Between PPOS and GnRH Antagonist Protocol in Patients With Anticipated High Ovarian Response,no,no,obvious_exclude,No explicit TGD population; reproductive or obstetric study in cisgender population.,high,
NCT04440722,Prospective Observational Study and Biobank CKIO,yes,yes,likely_include,"Explicit transgender/gender-diverse population; GAHT is an explicit intervention, exposure, monitoring target, or primary variable.",high,
NCT04448418,The Impact of COVID-19 Outbreak on Trans-population's Health in Italy,yes,unclear,human_review,"Explicit TGD population, but GAHT research role requires human adjudication to distinguish explicit exposure from background use.",medium,
NCT04460963,Role of Adrenomedullin in Leukemic Endosteal/Vascular Niches,no,no,obvious_exclude,No explicit transgender or gender-diverse study population identified in registry record.,high,
NCT04474366,The Effect of Pectoral Blocks on Perioperative Pain in Gender Affirmation Top Surgery,yes,unclear,human_review,"Explicit TGD population, but primary intervention is surgical technique; human review required to verify if GAHT is an analyzed variable.",medium,
NCT04478214,The Strategic Use of Hyaluronic Acid Fillers and Neurotoxin to Influence Gender Perception in Transgender Individuals,yes,unclear,human_review,"Explicit TGD population, but GAHT research role requires human adjudication to distinguish explicit exposure from background use.",medium,
NCT04478760,Trans & Non-binary Reference Intervals While on Hormone Therapy Study,yes,yes,likely_include,"Explicit transgender/gender-diverse population; GAHT is an explicit intervention, exposure, monitoring target, or primary variable.",high,
NCT04482374,Puberty Suppression and Cardiometabolic Health,yes,no,human_review,"Explicit TGD population, but evaluates puberty suppression with GnRH agonists alone without explicit GAHT component; human review required.",medium,
NCT04482920,Effect of Hormone Therapy on Renal Function,yes,yes,likely_include,"Explicit transgender/gender-diverse population; GAHT is an explicit intervention, exposure, monitoring target, or primary variable.",high,
NCT04491422,Same-Day PrEP Initiation and Sexual Health for Transgender Women,yes,unclear,human_review,"Explicit TGD population, but study evaluates behavioral/psychosocial intervention; human review required to confirm hormone role.",medium,
NCT04508231,Metabolic Consequences of Cross-sex Hormonal Treatment,yes,yes,likely_include,"Explicit transgender/gender-diverse population; GAHT is an explicit intervention, exposure, monitoring target, or primary variable.",high,
NCT04511052,Probiotics for Enhanced Tissue Carotenoid Status in Premenopausal Women,no,no,obvious_exclude,No explicit TGD population; study evaluates contraceptive efficacy/safety in cisgender women.,high,
NCT04515472,Effect of Gender Affirming Hormone Therapy on Glucose Metabolism,yes,yes,likely_include,"Explicit transgender/gender-diverse population; GAHT is an explicit intervention, exposure, monitoring target, or primary variable.",high,
NCT04524325,Mechanisms of Blood Pressure Dysfunction in Transmen Receiving Testosterone,yes,yes,likely_include,"Explicit transgender/gender-diverse population; GAHT is an explicit intervention, exposure, monitoring target, or primary variable.",high,
NCT04531943,Feminizing Hormone Therapy and the Rectal Mucosa Immune Environment in Transgender Women,yes,yes,likely_include,"Explicit transgender/gender-diverse population; GAHT is an explicit intervention, exposure, monitoring target, or primary variable.",high,
NCT04534881,Effect of Progesterone on Testosterone Concentrations and Breast Development in Transwomen,yes,yes,likely_include,"Explicit transgender/gender-diverse population; GAHT is an explicit intervention, exposure, monitoring target, or primary variable.",high,
NCT04551144,"Effect of Transgender Therapy on Muscle, Fat and Tissue Receptors",yes,yes,likely_include,"Explicit transgender/gender-diverse population; GAHT is an explicit intervention, exposure, monitoring target, or primary variable.",high,
NCT04554849,Demographic Characteristics and Psychosocial Health of Transgender People,yes,unclear,human_review,"Explicit TGD population, but GAHT research role requires human adjudication to distinguish explicit exposure from background use.",medium,
NCT04568096,Combination of Chemopreventive Agents (All- Trans Retinoic Acid and Tamoxifen) as Potential Treatment for the Lung Complication of COVID-19,no,no,obvious_exclude,No explicit TGD population; study evaluates postmenopausal hormone therapy in cisgender women.,high,
NCT04573127,Gender Dysphoria: Epidemiological Data,yes,unclear,human_review,"Explicit TGD population, but GAHT research role requires human adjudication to distinguish explicit exposure from background use.",medium,
NCT04586348,Prenatal Iodine Supplementation and Early Childhood Neurodevelopment,no,no,obvious_exclude,No explicit TGD population; reproductive or obstetric study in cisgender population.,high,
NCT04590417,Assessment of Drug-drug Interactions Between Feminizing Hormone Therapy and Emtricitabine/Tenofovir Alafenamide Concomitantly for Pre-exposure Prophylaxis Among Transgender Women,yes,yes,likely_include,"Explicit transgender/gender-diverse population; GAHT is an explicit intervention, exposure, monitoring target, or primary variable.",high,
NCT04593680,Assessment of Drug-drug Interactions Between Masculinizing Hormone Therapy and Antiretroviral Agents Concomitantly for Pre-exposure Prophylaxis Among Transgender Men,yes,yes,likely_include,"Explicit transgender/gender-diverse population; GAHT is an explicit intervention, exposure, monitoring target, or primary variable.",high,
NCT04596592,Pubertal Blockade and Estradiol Effects on Cardiometabolic Health for Transitioning Youth,yes,yes,likely_include,"Explicit transgender/gender-diverse population; GAHT is an explicit intervention, exposure, monitoring target, or primary variable.",high,
NCT04600986,Repeated Doses of GnRH Agonist as Oocyte Triggering in Antagonist Protocol for Patients With Polycystic Ovary Syndrome,no,no,obvious_exclude,No explicit TGD population; study investigates polycystic ovary syndrome in cisgender women.,high,
NCT04608695,Ovarian Needle Puncture for Follicle Activation in IVF Patients With Diminished Ovarian Reserve,no,no,obvious_exclude,No explicit TGD population; reproductive or obstetric study in cisgender population.,high,
NCT04616963,Emtricitabine/Tenofovir Alafenamide Switch Study for Transgender Individuals for HIV Pre-exposure Prophylaxis,yes,yes,likely_include,"Explicit transgender/gender-diverse population; GAHT is an explicit intervention, exposure, monitoring target, or primary variable.",high,
NCT04708600,Effectiveness of Speech Therapy in Trans Women.,yes,unclear,human_review,"Explicit TGD population, but primary intervention is vocal/speech therapy; human review required to verify if GAHT is an analyzed variable.",medium,
NCT04733144,Bioequivalence Study of Prednisolone and Dexamethasone,no,no,obvious_exclude,No explicit TGD population; study evaluates postmenopausal hormone therapy in cisgender women.,high,
NCT04736797,Transition in Transgender,yes,yes,likely_include,"Explicit transgender/gender-diverse population; GAHT is an explicit intervention, exposure, monitoring target, or primary variable.",high,
NCT04742491,Pre-Exposure Prophylaxis for Transgender Women in the US and South America,yes,yes,likely_include,"Explicit transgender/gender-diverse population; GAHT is an explicit intervention, exposure, monitoring target, or primary variable.",high,
NCT04742816,Renal Effects of Hormones/Biomarkers in Transgender PrEP Recipients,yes,yes,likely_include,"Explicit transgender/gender-diverse population; GAHT is an explicit intervention, exposure, monitoring target, or primary variable.",high,
NCT04760691,Pre-Exposure Prophylaxis (PrEP)- Gender Affirming Hormone Therapy (GAHT) Interactions in TGW,yes,yes,likely_include,"Explicit transgender/gender-diverse population; GAHT is an explicit intervention, exposure, monitoring target, or primary variable.",high,
NCT04818580,Progressive Tension Sutures in Gender Affirming Mastectomy,yes,unclear,human_review,"Explicit TGD population, but primary intervention is surgical technique; human review required to verify if GAHT is an analyzed variable.",medium,
NCT04820088,Simulated Conversation Training for Mental Healthcare Providers to Improve Care for Transgender and Gender Nonconforming Individuals,yes,unclear,human_review,"Explicit TGD population, but study evaluates behavioral/psychosocial intervention; human review required to confirm hormone role.",medium,
NCT04838249,"Effects of Cross-sex Hormone Therapy on Eating Behavior, Metabolism, Energy Balance and Cardiovascular System",yes,yes,likely_include,"Explicit transgender/gender-diverse population; GAHT is an explicit intervention, exposure, monitoring target, or primary variable.",high,
NCT04864951,HPV Prevalence in Transpersons - a Prospective Study,yes,unclear,human_review,"Explicit TGD population, but GAHT research role requires human adjudication to distinguish explicit exposure from background use.",medium,
NCT04867798,Transgender Men and HIV in Uganda: PrEP Uptake and Persistence,yes,unclear,human_review,"Explicit TGD population, but study evaluates behavioral/psychosocial intervention; human review required to confirm hormone role.",medium,
NCT04869865,"The Effects of a Springtime Home Cleanse on Skin, Gut, Metabolic and Mental Health",no,no,obvious_exclude,No explicit TGD population; reproductive or obstetric study in cisgender population.,high,
NCT04899193,Pergoveris FD and Liquid China BE Study,no,no,obvious_exclude,No explicit TGD population; study evaluates contraceptive efficacy/safety in cisgender women.,high,
NCT04922424,Mechanisms and Interventions to Address Cardiovascular Risk of Gender-affirming Hormone Therapy in Trans Men,yes,yes,likely_include,"Explicit transgender/gender-diverse population; GAHT is an explicit intervention, exposure, monitoring target, or primary variable.",high,
NCT04935164,Comparative Study of Gender Identity Disorder Versus Control,yes,unclear,human_review,"Explicit TGD population, but GAHT research role requires human adjudication to distinguish explicit exposure from background use.",medium,
NCT04944654,"Efficacy, Tolerability and Acceptability of Biktarvy by TPLWH",yes,unclear,human_review,"Explicit TGD population, but GAHT research role requires human adjudication to distinguish explicit exposure from background use.",medium,
NCT04971447,Extracellular Vesicles and Endothelial Function in Transgender Subjects,yes,yes,likely_include,"Explicit transgender/gender-diverse population; GAHT is an explicit intervention, exposure, monitoring target, or primary variable.",high,
NCT04977765,Cardiometabolic Health in Transgender Males,yes,yes,likely_include,"Explicit transgender/gender-diverse population; GAHT is an explicit intervention, exposure, monitoring target, or primary variable.",high,
NCT04979338,"Development of Effective, Opioid Sparing Techniques for Peri-operative Pain Management of Transgender Patients Undergoing Gender Affirming Surgeries",yes,unclear,human_review,"Explicit TGD population, but primary intervention is surgical technique; human review required to verify if GAHT is an analyzed variable.",medium,
NCT04993469,Patient Reported Outcome on Genital Sensitivity and Sexual Function After Genital Gender Affirming Surgery,yes,unclear,human_review,"Explicit TGD population, but GAHT research role requires human adjudication to distinguish explicit exposure from background use.",medium,
NCT05010707,Transgender Estradiol Affirming Therapy,yes,yes,likely_include,"Explicit transgender/gender-diverse population; GAHT is an explicit intervention, exposure, monitoring target, or primary variable.",high,
NCT05016232,Adaptive Intervention to Facilitate PrEP Uptake/Adherence Among Transgender Women,yes,unclear,human_review,"Explicit TGD population, but study evaluates behavioral/psychosocial intervention; human review required to confirm hormone role.",medium,
NCT05016349,"Investigating the Potential Role of a Novel Quadrate Combination Therapy Mifepristone(Antiprogestrone), Tamoxifen, Retinoic Acid and Cannabidiol ( Selective Cyp 26 Inhibitor) for Treating Early Breast Cancer.",no,no,obvious_exclude,No explicit TGD population; reproductive or obstetric study in cisgender population.,high,
NCT05019417,Glycerol-Phenylbutyrate Treatment in Children With MCT Mutation (Allan-Herndon- Dudley Syndrome),no,no,obvious_exclude,No explicit TGD population; reproductive or obstetric study in cisgender population.,high,
NCT05097820,Prospective Observational Study on SEBBIN Silicone Gel-filled Testicular Implants,yes,unclear,human_review,"Explicit TGD population, but primary intervention is surgical technique; human review required to verify if GAHT is an analyzed variable.",medium,
NCT05116293,Effect of Testosterone Treatment on Drug Metabolism and Transport,yes,yes,likely_include,"Explicit transgender/gender-diverse population; GAHT is an explicit intervention, exposure, monitoring target, or primary variable.",high,
NCT05126134,Psychological Vulnerabilities and Transgender Adolescents: A Descriptive Epidemiology Study,yes,unclear,human_review,"Explicit TGD population, but GAHT research role requires human adjudication to distinguish explicit exposure from background use.",medium,
NCT05130086,A Study of Islatravir (MK-8591) in Trans and Gender Diverse Participants (MK-8591-035),yes,yes,likely_include,"Explicit transgender/gender-diverse population; GAHT is an explicit intervention, exposure, monitoring target, or primary variable.",high,
NCT05153395,Impact of Intranasal Insulin on Sympathetic Activity and Cerebral Vasodilation,no,no,obvious_exclude,No explicit transgender or gender-diverse study population identified in registry record.,high,
NCT05166083,Investigation of the Perceptual and Acoustic Voice in Trans Man,yes,yes,likely_include,"Explicit transgender/gender-diverse population; GAHT is an explicit intervention, exposure, monitoring target, or primary variable.",high,
NCT05166668,Letrozole /GnRH Antagonist Protocol in Women Over 40 Years Undergoing ICSI Cycle,no,no,obvious_exclude,No explicit TGD population; reproductive or obstetric study in cisgender population.,high,
NCT05169762,Feminizing Treatment in Transgender Women and Non-binary Persons,yes,yes,likely_include,"Explicit transgender/gender-diverse population; GAHT is an explicit intervention, exposure, monitoring target, or primary variable.",high,
NCT05175170,Fertility Decision-Making in Youth and Young Adults,yes,yes,likely_include,"Explicit transgender/gender-diverse population; GAHT is an explicit intervention, exposure, monitoring target, or primary variable.",high,
NCT05195164,The Effects of Orchiectomy and Age on Vascular and Metabolic Health in Older Versus Younger Transgender Women,yes,unclear,human_review,"Explicit TGD population, but primary intervention is surgical technique; human review required to verify if GAHT is an analyzed variable.",medium,
NCT05204732,Acoustic and Perceptual Effects of Intonation Training in Gender Diverse People,yes,unclear,human_review,"Explicit TGD population, but primary intervention is vocal/speech therapy; human review required to verify if GAHT is an analyzed variable.",medium,
NCT05230979,"Evaluation of Common Bean Baked Snack Consumption on Subjective Satiety, Energy Intake and Glycemic Response in People With Overweight and Normal Weight",no,no,obvious_exclude,No explicit TGD population; reproductive or obstetric study in cisgender population.,high,
NCT05244694,Impact of Insulin on Sympathetic Nervous System-mediated Peripheral Vasoconstriction,no,no,obvious_exclude,No explicit transgender or gender-diverse study population identified in registry record.,high,
NCT05273112,Evaluation of the Variation in Quality of Life During Medical Transition for Transgender People.,yes,unclear,human_review,"Explicit TGD population, but GAHT research role requires human adjudication to distinguish explicit exposure from background use.",medium,
NCT05292820,Sexual Function of Trans Women After Vaginoplasty,yes,unclear,human_review,"Explicit TGD population, but primary intervention is surgical technique; human review required to verify if GAHT is an analyzed variable.",medium,
NCT05318755,China Gender-affirming Hormone Therapy Study,yes,yes,likely_include,"Explicit transgender/gender-diverse population; GAHT is an explicit intervention, exposure, monitoring target, or primary variable.",high,
NCT05334888,Sex-differential Host-microbiome CVD Risk - A Longitudinal Cohort Approach,yes,yes,likely_include,"Explicit transgender/gender-diverse population; GAHT is an explicit intervention, exposure, monitoring target, or primary variable.",high,
NCT05369247,Interval Versus Continuous Exercise During Pregnancy,no,no,obvious_exclude,No explicit TGD population; reproductive or obstetric study in cisgender population.,high,
NCT05387577,Coagulation and Fibrinolysis of Estradiol in Transwomen,yes,yes,likely_include,"Explicit transgender/gender-diverse population; GAHT is an explicit intervention, exposure, monitoring target, or primary variable.",high,
NCT05428215,Comparison of PKs of 17-Beta-Estradiol Via Sublingual Placement Versus Swallowing in Male-to-Female Transgender Patients,yes,yes,likely_include,"Explicit transgender/gender-diverse population; GAHT is an explicit intervention, exposure, monitoring target, or primary variable.",high,
NCT05442463,Hormone Therapy and Angiotensin-Dependent Arterial and Renal Vasoconstriction in Humans,yes,yes,likely_include,"Explicit transgender/gender-diverse population; GAHT is an explicit intervention, exposure, monitoring target, or primary variable.",high,
NCT05454579,The South-East Asian Transgender Health Cohort,yes,unclear,human_review,"Explicit TGD population, but study evaluates HIV/PrEP intervention; human review required to confirm if GAHT interactions are analyzed.",medium,
NCT05455398,Establishment of a Trans-round Window Inner Ear Continuous Drug Delivery System for the Treatment of Severe-to-profound Sudden Sensorineural Hearing Loss,no,no,obvious_exclude,No explicit transgender or gender-diverse study population identified in registry record.,high,
NCT05464186,Effects of Whole vs. Nonfat Milk Consumption on Body Composition in Children,no,no,obvious_exclude,No explicit transgender or gender-diverse study population identified in registry record.,high,
NCT05469204,Effect of Estrogen Treatment on Drug Metabolism and Transport,yes,yes,likely_include,"Explicit transgender/gender-diverse population; GAHT is an explicit intervention, exposure, monitoring target, or primary variable.",high,
NCT05487794,Effect of Dose Fractionation of Testosterone Cypionate on Transgender Men with Erythrocytosis,yes,yes,likely_include,"Explicit transgender/gender-diverse population; GAHT is an explicit intervention, exposure, monitoring target, or primary variable.",high,
NCT05489159,Sleep and IR in Transgender Adolescents,yes,yes,likely_include,Explicit transgender/nonbinary adolescent population; longitudinally evaluates effects of initiating masculinizing or feminizing GAHT.,high,
NCT05527353,AMH for the Identification of PCOM in PCOS Diagnosis,no,no,obvious_exclude,No explicit TGD population; study investigates polycystic ovary syndrome in cisgender women.,high,
NCT05529862,"Trans-RosaLEE Study: a Biomarker-directed, Translational Study",no,no,obvious_exclude,No explicit TGD population; reproductive or obstetric study in cisgender population.,high,
NCT05534763,Internet-delivered Treatment for Transgender Individuals With Co-occurring Mental Health Problems,yes,unclear,human_review,"Explicit TGD population, but GAHT research role requires human adjudication to distinguish explicit exposure from background use.",medium,
NCT05583058,Sex Hormone Overdose and Misuse in Chinese Transgender and Gender Non-conforming Population,yes,yes,likely_include,"Explicit transgender/gender-diverse population; GAHT is an explicit intervention, exposure, monitoring target, or primary variable.",high,
NCT05587296,"A Study to Learn More About How Well Elinzanetant Works and How Safe it is Compared to Placebo for the Treatment of Hot Flashes Caused by Anti-cancer Therapy in Women With, or at High Risk for Developing Hormone-receptor Positive Breast Cancer",no,no,obvious_exclude,No explicit TGD population; study evaluates postmenopausal hormone therapy in cisgender women.,high,
NCT05587751,Evaluation of Gender-Affirming Treatments on Pulmonary Function in Transgender and Gender Diverse Patients,yes,yes,likely_include,"Explicit transgender/gender-diverse population; GAHT is an explicit intervention, exposure, monitoring target, or primary variable.",high,
NCT05602805,BariaPSY: the Data Bank,yes,unclear,human_review,"Explicit TGD population, but GAHT research role requires human adjudication to distinguish explicit exposure from background use.",medium,
NCT05607303,Effect of Hormones on Frequency of Headache and Brain Structure and Function in Puberty,yes,yes,likely_include,"Explicit transgender/gender-diverse population; GAHT is an explicit intervention, exposure, monitoring target, or primary variable.",high,
NCT05649605,Early Mental Response - The EMRE Study,yes,yes,likely_include,"Explicit transgender/gender-diverse population; GAHT is an explicit intervention, exposure, monitoring target, or primary variable.",high,
NCT05649943,Multimodal Approach in Patients With mHSPC. Randomized Trial of APA+ADT vs APA-ADT and Local Treatment,no,no,obvious_exclude,No explicit TGD population; oncology/urologic study in prostate disease/cancer.,high,
NCT05663892,Drug-Drug Interaction Study in Trans Women Living With HIV,yes,yes,likely_include,"Explicit transgender/gender-diverse population; GAHT is an explicit intervention, exposure, monitoring target, or primary variable.",high,
NCT05725967,Endoscopic Metabolic and Bariatric Therapies,no,no,obvious_exclude,No explicit transgender or gender-diverse study population identified in registry record.,high,
NCT05726903,Counseling Among Gender Diverse Adolescents Who Use Depot Medroxyprogesterone,yes,unclear,human_review,"Explicit TGD population, but evaluates depot medroxyprogesterone for contraception rather than GAHT; human review required to confirm exclusion.",medium,
NCT05787470,State of Hormones Impact Nociceptive Expression,yes,yes,likely_include,"Explicit transgender/gender-diverse population; GAHT is an explicit intervention, exposure, monitoring target, or primary variable.",high,
NCT05808387,The Effects of Resveratrol on Sirtuins and Apoptosis Biomarkers,no,no,obvious_exclude,No explicit TGD population; study evaluates postmenopausal hormone therapy in cisgender women.,high,
NCT05829018,Elucidating the High Cardiovascular Disease Risk in South Asians,no,no,obvious_exclude,No explicit transgender or gender-diverse study population identified in registry record.,high,
NCT05829928,Testicular Tissue Cryopreservation in the Setting of Gender-Affirming Therapy,yes,unclear,human_review,"Explicit TGD population, but primary intervention is surgical technique; human review required to verify if GAHT is an analyzed variable.",medium,
NCT05853120,Doxy-Post-exposure Prophylaxis,no,no,obvious_exclude,No explicit TGD population; reproductive or obstetric study in cisgender population.,high,
NCT05863676,Ovarian Tissue Cryopreservation in the Setting of Gender-affirming Therapy,yes,unclear,human_review,"Explicit TGD population, but GAHT research role requires human adjudication to distinguish explicit exposure from background use.",medium,
NCT05865262,Protocol TRANS and QT Repolarization,yes,yes,likely_include,"Explicit transgender/gender-diverse population; GAHT is an explicit intervention, exposure, monitoring target, or primary variable.",high,
NCT05877235,Serum Concentration of Endogenous Estrogens and Sirtuin-1 After Administration of Atorvastatin and Quercetin:,no,no,obvious_exclude,No explicit TGD population; study evaluates postmenopausal hormone therapy in cisgender women.,high,
NCT05883553,Epithesis Versus Prosthesis in Post-phalloplasty Transgender Patients.,yes,unclear,human_review,"Explicit TGD population, but primary intervention is surgical technique; human review required to verify if GAHT is an analyzed variable.",medium,
NCT05884307,Trans Care: An Online Intervention to Reduce Symptoms of Gender Dysphoria,yes,unclear,human_review,"Explicit TGD population, but study evaluates behavioral/psychosocial intervention; human review required to confirm hormone role.",medium,
NCT05891795,Clascoterone for Steroid-related Acne Vulgaris in Transgender Male Patients Receiving Masculinizing Hormone Therapy,yes,yes,likely_include,Explicit transgender/gender-diverse population; investigates acne arising as an adverse effect of masculinizing hormone therapy.,high,
NCT05897086,Polyethylene-glycol Assisted Nerve Repair in Phalloplasty,yes,unclear,human_review,"Explicit TGD population, but primary intervention is surgical technique; human review required to verify if GAHT is an analyzed variable.",medium,
NCT05903911,Trans Care: An Online Intervention to Reduce Symptoms of Gender Dysphoria,yes,unclear,human_review,"Explicit TGD population, but study evaluates behavioral/psychosocial intervention; human review required to confirm hormone role.",medium,
NCT05925361,Peritoneum Vaginoplasty; Implementation According to IDEAL Framework,yes,yes,likely_include,"Explicit transgender/gender-diverse population; GAHT is an explicit intervention, exposure, monitoring target, or primary variable.",high,
NCT05934877,ASK-PrEP (Assistance Services Knowledge-PrEP),yes,unclear,human_review,"Explicit TGD population, but study evaluates behavioral/psychosocial intervention; human review required to confirm hormone role.",medium,
NCT06001307,"Supporting Trans Affirmation, Relationships, and Sex, Phase 3",yes,unclear,human_review,"Explicit TGD population, but GAHT research role requires human adjudication to distinguish explicit exposure from background use.",medium,
NCT06005610,Estradiol Therapy In Transgender Women to Research Interactions With HIV Therapy,yes,yes,likely_include,"Explicit transgender/gender-diverse population; GAHT is an explicit intervention, exposure, monitoring target, or primary variable.",high,
NCT06022562,Effects of Gender-affirming Hormone Therapy on Transgender People,yes,yes,likely_include,"Explicit transgender/gender-diverse population; GAHT is an explicit intervention, exposure, monitoring target, or primary variable.",high,
NCT06070324,Effect of Suture Material on Postoperative Nipple Areolar Complex Widening,yes,unclear,human_review,"Explicit TGD population, but primary intervention is surgical technique; human review required to verify if GAHT is an analyzed variable.",medium,
NCT06074796,The Determinants of Fertility Preservation in TRANSgender Patients.,yes,unclear,human_review,"Explicit TGD population, but GAHT research role requires human adjudication to distinguish explicit exposure from background use.",medium,
NCT06083766,Metabolic and Physiologic Responses to Hormone Therapy in Transgender and Gender Diverse People,yes,yes,likely_include,"Explicit transgender/gender-diverse population; GAHT is an explicit intervention, exposure, monitoring target, or primary variable.",high,
NCT06094257,Prospective Study of Sensation and Satisfaction in Cancer and Transgender Mastectomy Patients,yes,unclear,human_review,"Explicit TGD population, but primary intervention is surgical technique; human review required to verify if GAHT is an analyzed variable.",medium,
NCT06098781,Gynaecological Gender-affirming Surgeries,yes,unclear,human_review,"Explicit TGD population, but GAHT research role requires human adjudication to distinguish explicit exposure from background use.",medium,
NCT06116201,Influences of Long Term Hormone Therapy on Physical Fitness and Vascular Function in Transgender Women,yes,yes,likely_include,"Explicit transgender/gender-diverse population; GAHT is an explicit intervention, exposure, monitoring target, or primary variable.",high,
NCT06149065,Factors Associated With the Acne Severity Among Transmen Population: a Cross-sectional Study,yes,yes,likely_include,"Explicit transgender/gender-diverse population; GAHT is an explicit intervention, exposure, monitoring target, or primary variable.",high,
NCT06221163,Sociological Study of the Life Courses of Young TRANSgender Patients,yes,unclear,human_review,"Explicit TGD population, but GAHT research role requires human adjudication to distinguish explicit exposure from background use.",medium,
NCT06230770,Impact of Progestin-only Contraception on Bleeding Patterns in Individuals Initiating GATT,yes,yes,likely_include,"Explicit transgender/gender-diverse population; GAHT is an explicit intervention, exposure, monitoring target, or primary variable.",high,
NCT06234488,Multi-Institutional Transgender & Gender-Diverse Breast Cancer Study,yes,yes,likely_include,"Explicit transgender/gender-diverse population; GAHT is an explicit intervention, exposure, monitoring target, or primary variable.",high,
NCT06239766,BC Risk Assessment Before Top Surgery,yes,yes,likely_include,"Explicit transgender/gender-diverse population; GAHT is an explicit intervention, exposure, monitoring target, or primary variable.",high,
NCT06245681,"Effects of Cross-sex Hormone Treatment on Cardiac Function, Myocardial and Hepatic Fat Content",yes,yes,likely_include,"Explicit transgender/gender-diverse population; GAHT is an explicit intervention, exposure, monitoring target, or primary variable.",high,
NCT06247267,The Effect of Sex Steroid Replacement Therapy in the Hypogonadism and Transgender Active-Duty Population,yes,yes,likely_include,Explicit transgender population; evaluates cardiovascular changes during transition with estradiol/spironolactone or testosterone GAHT.,high,
NCT06291675,"Gender-Affirming Hormone Therapy and Its Impact on Myocardial Mass and Cardiac Function, Heart, Liver and Pancreatic Fat Content",yes,yes,likely_include,"Explicit transgender/gender-diverse population; GAHT is an explicit intervention, exposure, monitoring target, or primary variable.",high,
NCT06298032,"A Study Investigating the Safety, Tolerability, Immunogenicity and Pharmacokinetics of Olamkicept in Healthy Persons",no,no,obvious_exclude,No explicit TGD population; reproductive or obstetric study in cisgender population.,high,
NCT06316102,Promoting Viral Suppression Among Transgender Women Living With HIV in Santo Domingo,yes,unclear,human_review,"Explicit TGD population, but study evaluates HIV/PrEP intervention; human review required to confirm if GAHT interactions are analyzed.",medium,
NCT06332742,Real-world Evaluation of Qingxin Zishen Decoction on Ovarian Reserve Function Clinical Efficacy in Patients With Decreased,no,no,obvious_exclude,No explicit TGD population; study evaluates contraceptive efficacy/safety in cisgender women.,high,
NCT06351501,Evaluation of the Effectiveness of Hormonal Treatment in Adolescents Suffering From Gender Dysphoria,yes,yes,likely_include,"Explicit transgender/gender-diverse population; GAHT is an explicit intervention, exposure, monitoring target, or primary variable.",high,
NCT06357130,Gynaecological Care for Transgender People in France in 2024.,yes,yes,likely_include,"Explicit transgender/gender-diverse population; GAHT is an explicit intervention, exposure, monitoring target, or primary variable.",high,
NCT06390332,Centering Gender Affirming Resources in Higher Education,yes,unclear,human_review,"Explicit TGD population, but study evaluates behavioral/psychosocial intervention; human review required to confirm hormone role.",medium,
NCT06391034,"Magnetic Resonance (MR) Imaging With Hyperpolarized 13C-Pyruvate +/- 13C,15N-Urea in Patients With Prostate Cancer",no,no,obvious_exclude,No explicit TGD population; oncology/urologic study in prostate disease/cancer.,high,
NCT06400199,Fertility Preservation for Transfeminine Adolescents Via Semen Cryopreservation or Testicular Sperm Extraction,yes,no,human_review,"Explicit TGD population, but evaluates puberty suppression with GnRH agonists alone without explicit GAHT component; human review required.",medium,
NCT06403059,Cervical Length and Uterocervical Angle as Predictors of Spontaneous Preterm Birth,no,no,obvious_exclude,No explicit TGD population; reproductive or obstetric study in cisgender population.,high,
NCT06405243,"Myoinositol, L-arginine and Chromium With Letrozole for Ovulation Induction in Polycystic Ovarian Syndrome Patients",no,no,obvious_exclude,No explicit TGD population; study investigates polycystic ovary syndrome in cisgender women.,high,
NCT06418347,Effect of ALA Combined With Letrozole on Polycystic Ovary Syndrome Clinical Outcome in Infertile Females,no,no,obvious_exclude,No explicit TGD population; study investigates polycystic ovary syndrome in cisgender women.,high,
NCT06428669,Effect of Nitropaste in Chest Masculinizing Surgery,yes,yes,likely_include,"Explicit transgender/gender-diverse population; GAHT is an explicit intervention, exposure, monitoring target, or primary variable.",high,
NCT06436560,Support for Transgender and Non-Binary Individuals Seeking Vaginoplasty Study,yes,unclear,human_review,"Explicit TGD population, but primary intervention is surgical technique; human review required to verify if GAHT is an analyzed variable.",medium,
NCT06439290,"Voice Outcome of Glottoplasty, Cricothyroid Approximation, Thyroplasty, and Chondrolaryngoplasty",yes,unclear,human_review,"Explicit TGD population, but primary intervention is vocal/speech therapy; human review required to verify if GAHT is an analyzed variable.",medium,
NCT06443164,Efficacy of a Chronic Pain Treatment Prior to Gender-affirming Surgery,yes,unclear,human_review,"Explicit TGD population, but GAHT research role requires human adjudication to distinguish explicit exposure from background use.",medium,
NCT06450405,Androgen Effects on the Reproductive Neuroendocrine Axis,yes,yes,likely_include,"Explicit transgender/gender-diverse population; GAHT is an explicit intervention, exposure, monitoring target, or primary variable.",high,
NCT06470906,Feasibility of an Oral Intervention for Sexual Health in Transgender Men,yes,yes,likely_include,"Explicit transgender/gender-diverse population; GAHT is an explicit intervention, exposure, monitoring target, or primary variable.",high,
NCT06482385,Transmasculine Quality of Life and Sexual Function at Pre and Post Gender-affirming Hormonal Therapy,yes,yes,likely_include,"Explicit transgender/gender-diverse population; GAHT is an explicit intervention, exposure, monitoring target, or primary variable.",high,
NCT06487754,New-onset Chronic Pelvic Pain in Transgender People Using Testosterone Therapy: an Exploratory Qualitative Study.,yes,yes,likely_include,"Explicit transgender/gender-diverse population; GAHT is an explicit intervention, exposure, monitoring target, or primary variable.",high,
NCT06496581,Standard of Care +/- 177Lu-PSMA-617 In de Novo mHSPC Patients With Poor PSA Response (PEACE6-Poor Responders),no,no,obvious_exclude,No explicit TGD population; oncology/urologic study in prostate disease/cancer.,high,
NCT06502353,Plexaa For Preconditioning: Gender Affirming Mastectomy,yes,unclear,human_review,"Explicit TGD population, but primary intervention is surgical technique; human review required to verify if GAHT is an analyzed variable.",medium,
NCT06515834,"Investigating the Safety, Tolerability, Immunogenicity and Pharmacokinetics of Olamkicept in Healthy Japanese Persons",no,no,obvious_exclude,No explicit TGD population; reproductive or obstetric study in cisgender population.,high,
NCT06530992,The Effect of Tucking on Semen Quality of Adult Trans Women,yes,yes,likely_include,"Explicit transgender/gender-diverse population; GAHT is an explicit intervention, exposure, monitoring target, or primary variable.",high,
NCT06537765,Combined Effect of Therapeutic Ultrasound and Trans Cutaneous Electrical Nerve Stimulation on Endometriosis,no,no,obvious_exclude,No explicit TGD population; reproductive or obstetric study in cisgender population.,high,
NCT06545721,Weight Cycling on Hyperandrogenemia and Insulin Resistance in Polycystic Ovary Syndrome,no,no,obvious_exclude,No explicit TGD population; oncology/urologic study in prostate disease/cancer.,high,
NCT06565663,MaPGAS Decision Making,yes,unclear,human_review,"Explicit TGD population, but primary intervention is surgical technique; human review required to verify if GAHT is an analyzed variable.",medium,
NCT06573177,Optimizing Individual Health Care for Young People With Gender Incongruence,yes,yes,likely_include,"Explicit transgender/gender-diverse population; GAHT is an explicit intervention, exposure, monitoring target, or primary variable.",high,
NCT06581679,Adenomyosis and Pregnancy: Levonorgestrel vs. GnRH for Blastocyst Transfer,no,no,obvious_exclude,No explicit TGD population; reproductive or obstetric study in cisgender population.,high,
NCT06615401,Understanding Perceived Access and Receipt of Gender-affirming Treatments Among Transgender Veterans,yes,unclear,human_review,"Explicit TGD population, but GAHT research role requires human adjudication to distinguish explicit exposure from background use.",medium,
NCT06639763,Erectile Aid Use in Post-phalloplasty and Post-metoidioplasty Transgender Patients,yes,unclear,human_review,"Explicit TGD population, but primary intervention is surgical technique; human review required to verify if GAHT is an analyzed variable.",medium,
NCT06639776,Sexual Functioning After Erection Prosthesis Placement in Post Phalloplasty Transgender Persons,yes,unclear,human_review,"Explicit TGD population, but primary intervention is surgical technique; human review required to verify if GAHT is an analyzed variable.",medium,
NCT06656676,WePrEP: Developing a PrEP Shared Decision-making Tool for Transgender Women,yes,unclear,human_review,"Explicit TGD population, but GAHT research role requires human adjudication to distinguish explicit exposure from background use.",medium,
NCT06670053,"Puberty, Testosterone, and Brain Development",yes,yes,likely_include,"Explicit transgender/gender-diverse population; GAHT is an explicit intervention, exposure, monitoring target, or primary variable.",high,
NCT06710496,HISTOLOGICAL RESULTS IN TRANSGENDER INDIVIDUALS ASSIGNED TO FEMALES AT BIRTH UNDERGOING GENDER AFFIRMATION SURGERY AND IN TESTOSTERONE THERAPY,yes,yes,likely_include,"Explicit transgender/gender-diverse population; GAHT is an explicit intervention, exposure, monitoring target, or primary variable.",high,
NCT06733350,Testosterone Replacement Therapy for the Treatment of Low Testosterone in Hypogonadal Men With Localized Prostate Cancer on Active Surveillance,no,no,obvious_exclude,No explicit TGD population; oncology/urologic study in prostate disease/cancer.,high,
NCT06733415,Changes in Energy Expenditure (EE) in Transsexuals Undergoing Hormonal Therapy,yes,unclear,human_review,"Explicit TGD population, but GAHT research role requires human adjudication to distinguish explicit exposure from background use.",medium,
NCT06741319,Behavioral and Psychosocial Characteristics of Clients Accessing Services at IHRI,yes,yes,likely_include,"Explicit transgender/gender-diverse population; GAHT is an explicit intervention, exposure, monitoring target, or primary variable.",high,
NCT06747624,A Crossover Clinical Trial Investigating the Effects of Geranylgeraniol (GG) Supplementation on Testosterone Levels in Healthy Men and Women Over an 18-week Period,no,no,obvious_exclude,No explicit TGD population; reproductive or obstetric study in cisgender population.,high,
NCT06774053,Swiss ProspectivE Cohort of TRAnsgender and Gender Diverse Individuals - The SPECTRA Study,yes,yes,likely_include,"Explicit transgender/gender-diverse population; GAHT is an explicit intervention, exposure, monitoring target, or primary variable.",high,
NCT06779331,Phosphate Urine Excretion in Critically Ill Patients,no,no,obvious_exclude,No explicit TGD population; reproductive or obstetric study in cisgender population.,high,
NCT06807580,Progesterone in Gender Affirming Hormone Therapy Study,yes,yes,likely_include,"Explicit transgender/gender-diverse population; GAHT is an explicit intervention, exposure, monitoring target, or primary variable.",high,
NCT06816355,Exogenous Sex Hormones and PONV,yes,yes,likely_include,"Explicit transgender/gender-diverse population; GAHT is an explicit intervention, exposure, monitoring target, or primary variable.",high,
NCT06844097,Intervention for Medical Student to Promote Cervical Cancer Screening Among Latinx Transmasculine Individuals,yes,unclear,human_review,"Explicit TGD population, but GAHT research role requires human adjudication to distinguish explicit exposure from background use.",medium,
NCT06854432,Assessment of Biological and Biometrological Parameters in Adult Subjects with Androgenetic Alopecia,no,no,obvious_exclude,No explicit transgender or gender-diverse study population identified in registry record.,high,
NCT06854965,Cohort Study on Factors Associated with the Evolution of Quality of Life Among Transgender Individuals in the French Population,yes,unclear,human_review,"Explicit TGD population, but study evaluates HIV/PrEP intervention; human review required to confirm if GAHT interactions are analyzed.",medium,
NCT06880705,The Trans-Led Care Study,yes,unclear,human_review,"Explicit TGD population, but study evaluates behavioral/psychosocial intervention; human review required to confirm hormone role.",medium,
NCT06939257,Pain Outcomes Associated With Exogenous Hormone Therapy in Adults,yes,yes,likely_include,Explicit gender-diverse adult population; explicitly compares pain outcomes in individuals initiating GAHT vs not using GAHT.,high,
NCT06953908,The Copenhagen Gender Identity Cohort,yes,unclear,human_review,"Explicit TGD population, but GAHT research role requires human adjudication to distinguish explicit exposure from background use.",medium,
NCT06969326,Topical Estrogen: Brief Intervention to Improve Postoperative Experience for Transgender Men Undergoing Hysterectomy,yes,unclear,human_review,"Explicit TGD population, but evaluates topical estradiol for post-hysterectomy wound healing with background testosterone; human review required.",medium,
NCT06987045,Trans and Non-binary Prostate-Specific Antigen Reference Interval Determination Study,yes,yes,likely_include,"Explicit transgender/gender-diverse population; GAHT is an explicit intervention, exposure, monitoring target, or primary variable.",high,
NCT07005648,Brazilian Registry of Menopausal Health,yes,unclear,human_review,"Explicit TGD population, but GAHT research role requires human adjudication to distinguish explicit exposure from background use.",medium,
NCT07017595,Gender-affirming Voice Training With Visual Feedback,yes,unclear,human_review,"Explicit TGD population, but primary intervention is vocal/speech therapy; human review required to verify if GAHT is an analyzed variable.",medium,
NCT07075731,Cervical and Endometrial Cancer Screening in Patients Seeking Gender-Affirming Hysterectomy,yes,unclear,human_review,"Explicit TGD population, but primary intervention is surgical technique; human review required to verify if GAHT is an analyzed variable.",medium,
NCT07085715,Pan-Viral Screening and Linkage to Care Among GBMSM and Trans Women in Spain,yes,unclear,human_review,"Explicit TGD population, but study evaluates HIV/PrEP intervention; human review required to confirm if GAHT interactions are analyzed.",medium,
NCT07092527,"Androgen Effects on the Reproductive Neuroendocrine Axis, 2025 Version",yes,yes,likely_include,"Explicit transgender/gender-diverse population; GAHT is an explicit intervention, exposure, monitoring target, or primary variable.",high,
NCT07128771,Cardiomodulatory Effects of Gender-Affirming Hormone Therapy,yes,yes,likely_include,"Explicit transgender/gender-diverse population; GAHT is an explicit intervention, exposure, monitoring target, or primary variable.",high,
NCT07145281,"Comparing the Effects of Sublingual Estradiol Treatment Versus Oral Estradiol With Cyproterone Acetate (CPA) Treatment on The Coagulation System in Transgender Women: A Prospective, Controlled Cohort Study",yes,yes,likely_include,"Explicit transgender/gender-diverse population; GAHT is an explicit intervention, exposure, monitoring target, or primary variable.",high,
NCT07145827,Effect of Metformin on Endometrial Thickness in Postmenopausal Breast Cancer Patients Receiving Tamoxifen,no,no,obvious_exclude,No explicit TGD population; study evaluates postmenopausal hormone therapy in cisgender women.,high,
NCT07147166,Evaluating the Efficacy of Force Modulating Tissue Bridge Device in Preventing Hypertrophic Scars Following Gender-Affirming Mastectomy,yes,unclear,human_review,"Explicit TGD population, but primary intervention is surgical technique; human review required to verify if GAHT is an analyzed variable.",medium,
NCT07148921,Perception of Pain During Gender Affirming Hormone Therapy,yes,yes,likely_include,"Explicit transgender/gender-diverse population; GAHT is an explicit intervention, exposure, monitoring target, or primary variable.",high,
NCT07181551,Forward to Quit: A Person-centered Mobile Technology Intervention for Smoking Cessation Among Transgender Adults,yes,unclear,human_review,"Explicit TGD population, but GAHT research role requires human adjudication to distinguish explicit exposure from background use.",medium,
NCT07187947,Cardiovascular Health of Transgender Individuals During the Gender-affirming Pathway,yes,yes,likely_include,"Explicit transgender/gender-diverse population; GAHT is an explicit intervention, exposure, monitoring target, or primary variable.",high,
NCT07194226,Attitudes and Decision Regret Regarding Fertility Preservation in Transgender Individuals,yes,unclear,human_review,"Explicit TGD population, but study evaluates behavioral/psychosocial intervention; human review required to confirm hormone role.",medium,
NCT07252687,The Effect of Gender-affirmative Measures on Breast Perception in Trans Men,yes,yes,likely_include,"Explicit transgender/gender-diverse population; GAHT is an explicit intervention, exposure, monitoring target, or primary variable.",high,
NCT07286123,Gender Affirming Vaginoplasty With Tubularized Augmented Peritoneal Cap (TAPCap) Utilizing Fish Skin Xenograft (Kerecis™),yes,unclear,human_review,"Explicit TGD population, but primary intervention is surgical technique; human review required to verify if GAHT is an analyzed variable.",medium,
NCT07324967,A Standardized Counseling Approach to Preoperative Education in Transmasculine Individuals Receiving Gender-affirming Surgery,yes,unclear,human_review,"Explicit TGD population, but primary intervention is surgical technique; human review required to verify if GAHT is an analyzed variable.",medium,
NCT07334951,Effect of Tvns in Obesity,no,no,obvious_exclude,No explicit TGD population; reproductive or obstetric study in cisgender population.,high,
NCT07358897,Gender Affirming Hormone Therapy and Immune Function in Trans Individuals - The GIFT Study,yes,yes,likely_include,"Explicit transgender/gender-diverse population; GAHT is an explicit intervention, exposure, monitoring target, or primary variable.",high,
NCT07394400,"Effects of Gender-Affirming Hormone Therapy on Cardiovascular, Metabolic, and Mental Health Outcomes in Transgender Adults.",yes,yes,likely_include,"Explicit transgender/gender-diverse population; GAHT is an explicit intervention, exposure, monitoring target, or primary variable.",high,
NCT07400419,Effects of Resistance Exercise Among TGD Individuals Initiating Estrogen-Based Gender-Affirming Hormone Therapy,yes,yes,likely_include,"Explicit transgender/gender-diverse population; GAHT is an explicit intervention, exposure, monitoring target, or primary variable.",high,
NCT07412509,"Can 3D Modeling Enhance Patient Understanding, Education, and Surgical Outcomes in Gender Affirming Peritoneal Vaginoplasty?",yes,unclear,human_review,"Explicit TGD population, but primary intervention is surgical technique; human review required to verify if GAHT is an analyzed variable.",medium,
NCT07417787,Point of Care Tests in the Management of Very Early Medical Abortion,yes,unclear,human_review,"Explicit TGD population, but GAHT research role requires human adjudication to distinguish explicit exposure from background use.",medium,
NCT07448272,Letrozole 5 mg for 10 Days Versus Letrozole 10 mg for 5 Days for Ovarian Stimulation in PCOS,no,no,obvious_exclude,No explicit TGD population; study investigates polycystic ovary syndrome in cisgender women.,high,
NCT07480590,"GLOW: Gender-Affirming Care and Mental Health: A Longitudinal Study On Quality of Life, Work Life, and Healthcare Outcomes",yes,unclear,human_review,"Explicit TGD population, but GAHT research role requires human adjudication to distinguish explicit exposure from background use.",medium,
NCT07481942,Body Composition Assessment in Transgender Population.,yes,yes,likely_include,"Explicit transgender/gender-diverse population; GAHT is an explicit intervention, exposure, monitoring target, or primary variable.",high,
NCT07509827,Evaluation of mHealth Intervention to Promote HIV Prevention and Overcome Stigma Among Transgender Women (EMPOW.HER),yes,unclear,human_review,"Explicit TGD population, but study evaluates behavioral/psychosocial intervention; human review required to confirm hormone role.",medium,
NCT07512856,The Implementation of a Trans-tailored Harm Reduction Service for Transgender Persons in Relation to chemsEX and Substance Use (iT-REX),yes,unclear,human_review,"Explicit TGD population, but study evaluates behavioral/psychosocial intervention; human review required to confirm hormone role.",medium,
NCT07516691,Evaluation of a New Strategy to Approach the Transgender Sex Worker Populations and Their Clients for Access to a Preventive Sexual Health System Through the ORTIF Digital Teleconsultation Solution,yes,unclear,human_review,"Explicit TGD population, but study evaluates HIV/PrEP intervention; human review required to confirm if GAHT interactions are analyzed.",medium,
NCT07542964,Transgender Analysis of Nephrological Studies Focused on Renal Metrics,yes,yes,likely_include,"Explicit transgender/gender-diverse population; GAHT is an explicit intervention, exposure, monitoring target, or primary variable.",high,
NCT07624747,Brain Health in Transgender Adults,yes,yes,likely_include,"Explicit transgender/gender-diverse population; GAHT is an explicit intervention, exposure, monitoring target, or primary variable.",high,
NCT07661823,"QAIAx (AIhealth4U) - AI Public Health Central: Microcity-A (re Quantum AI Agency Aka AI City Hall Project, UPSTO App Nos. 64/074,526, 64/063,557, 63/903,181, 63/729,428",yes,unclear,human_review,"Explicit TGD population, but study evaluates behavioral/psychosocial intervention; human review required to confirm hormone role.",medium,
NCT07681908,#TranscendentHealth: A Text Messaging Pregnancy Prevention Program for Transgender Boys,yes,unclear,human_review,"Explicit TGD population, but study evaluates HIV/PrEP intervention; human review required to confirm if GAHT interactions are analyzed.",medium,
NCT07699159,Cohort Network for Adolescents and Youth With multipLe Mental Health Conditions,yes,unclear,human_review,"Explicit TGD population, but GAHT research role requires human adjudication to distinguish explicit exposure from background use.",medium,
NCT07729644,Evaluation of State-Level Sexual and Gender Minority Laws for the Primary Prevention of Sexual and Intimate Partner Violence Among Sexual and Gender Minority Youth in the U.S.,yes,unclear,human_review,"Explicit TGD population, but GAHT research role requires human adjudication to distinguish explicit exposure from background use.",medium,
NCT07746999,North Jersey Community Research Initiative (NJCRI) Study on Transgender Liver Health,yes,yes,likely_include,"Explicit transgender/gender-diverse population; GAHT is an explicit intervention, exposure, monitoring target, or primary variable.",high,
NCT07755059,Proximal Splenic Artery Embolization (PSAE) for the Treatment of Refractory Ascites in Decompensated Cirrhosis,no,no,obvious_exclude,No explicit TGD population; study evaluates contraceptive efficacy/safety in cisgender women.,high,
NCT07759518,Letrozole High Dose (10 mg) Compared to Letrozole Low Dose( 5 mg) for Ovarian Stimulation in Infertile Women With Polycystic Ovary Syndrome,no,no,obvious_exclude,No explicit TGD population; study investigates polycystic ovary syndrome in cisgender women.,high,
