nct_id,brief_title,study_type,overall_status,start_date,study_first_post_date,enrollment,lead_sponsor,interventions,countries,has_results,preliminary_screening,screening_reason
NCT00789607,Fiducial Localization and Individualized Radiotherapy -Prostate Cancer,INTERVENTIONAL,COMPLETED,2008-06,2008-11-13,17,"University Health Network, Toronto",Transrectal APT Device or Transperineal Device will be used; TRUS probe,Canada,False,exclude,Explicit non-GAHT indication found: prostate cancer
NCT03593317,Blockade of the Renin-angiotensin-aldosterone System in Patients With ARVD,INTERVENTIONAL,RECRUITING,2024-12-20,2018-07-20,120,Hospices Civils de Lyon,Spironolactone; Placebo,France,False,uncertain,Ambiguous: Requires manual review to confirm both criteria
NCT00188708,Effect of Casodex on Tumour Hypoxia - Prostate Cancer,INTERVENTIONAL,COMPLETED,2001-04,2005-09-16,30,"University Health Network, Toronto",hypoxia measurement,Canada,False,exclude,Explicit non-GAHT indication found: prostate cancer
NCT04371783,A Randomized Trial Comparing the Live Birth Rate of Immediate Versus Delayed FET Following a Freeze-all Strategy,INTERVENTIONAL,ACTIVE_NOT_RECRUITING,2020-05-04,2020-05-01,828,ShangHai Ji Ai Genetics & IVF Institute,Immediate FET; Delayed FET,China,False,exclude,Explicit non-GAHT indication found: ivf
NCT04361175,Cost Effectiveness Analysis for Induction of Ovulation in the Polycystic Ovary Syndrome by Letrozole Versus Clomiphene Citrate,INTERVENTIONAL,UNKNOWN,2021-03,2020-04-24,212,Assiut University,Letrozole; Clomiphine Citrate,,False,uncertain,Ambiguous: Requires manual review to confirm both criteria
NCT06656676,WePrEP: Developing a PrEP Shared Decision-making Tool for Transgender Women,INTERVENTIONAL,RECRUITING,2025-01-29,2024-10-24,75,"University of Colorado, Denver",WePrEP: A shared decision-making tool; Active comparator: CDC recommendations for discussing PrEP,United States,False,uncertain,Ambiguous: Requires manual review to confirm both criteria
NCT04482920,Effect of Hormone Therapy on Renal Function,OBSERVATIONAL,COMPLETED,2021-04-15,2020-07-23,22,"University of Colorado, Denver",p-aminohippurate clearance study; Iohexol infusion,United States,False,include,Transgender population and GAHT mentioned in title
NCT01720459,Effects of Micronized Trans-resveratrol Treatment on Polycystic Ovary Syndrome (PCOS) Patients,INTERVENTIONAL,UNKNOWN,2012-12,2012-11-02,40,Poznan University of Medical Sciences,Micronized trans-resveratrol; Placebo,Poland,False,uncertain,Ambiguous: Requires manual review to confirm both criteria
NCT07516691,Evaluation of a New Strategy to Approach the Transgender Sex Worker Populations and Their Clients for Access to a Preventive Sexual Health System Through the ORTIF Digital Teleconsultation Solution,OBSERVATIONAL,NOT_YET_RECRUITING,2026-05-01,2026-04-08,250,Assistance Publique - Hôpitaux de Paris,,France,False,uncertain,Ambiguous: Requires manual review to confirm both criteria
NCT07358897,Gender Affirming Hormone Therapy and Immune Function in Trans Individuals - The GIFT Study,OBSERVATIONAL,NOT_YET_RECRUITING,2026-02-16,2026-01-22,500,Imperial College London,,,False,include,Transgender population and GAHT mentioned in title
NCT06400199,Fertility Preservation for Transfeminine Adolescents Via Semen Cryopreservation or Testicular Sperm Extraction,OBSERVATIONAL,UNKNOWN,2022-07-01,2024-05-06,40,"Amsterdam UMC, location VUmc",,Netherlands,False,uncertain,Ambiguous: Requires manual review to confirm both criteria
NCT04899193,Pergoveris FD and Liquid China BE Study,INTERVENTIONAL,COMPLETED,2021-05-08,2021-05-24,72,"Merck Healthcare KGaA, Darmstadt, Germany, an affiliate of Merck KGaA, Darmstadt, Germany",Pergoveris FD; Pergoveris Liquid; Gonal-f; Luveris,China,False,uncertain,Ambiguous: Requires manual review to confirm both criteria
NCT06405243,"Myoinositol, L-arginine and Chromium With Letrozole for Ovulation Induction in Polycystic Ovarian Syndrome Patients",INTERVENTIONAL,UNKNOWN,2024-06-30,2024-05-08,100,Beni-Suef University,Myoinositol; Chromium; l-arginine; Letrozole 2.5mg,Egypt,False,uncertain,Ambiguous: Requires manual review to confirm both criteria
NCT04531943,Feminizing Hormone Therapy and the Rectal Mucosa Immune Environment in Transgender Women,OBSERVATIONAL,COMPLETED,2020-10-01,2020-08-31,285,Emory University,Estrogen; Estrogen plus Progesterone,United States,False,include,Transgender population and GAHT intervention explicitly matched
NCT06530992,The Effect of Tucking on Semen Quality of Adult Trans Women,OBSERVATIONAL,RECRUITING,2024-07-17,2024-07-31,40,Medical University Innsbruck,tucking break,Austria,False,uncertain,Ambiguous: Requires manual review to confirm both criteria
NCT03060785,Finding the Right Tenofovir/Emtricitabine Regimen for Pre-Exposure Prophylaxis (PrEP) in Transgender Women,INTERVENTIONAL,COMPLETED,2016-03-08,2017-02-23,16,Johns Hopkins University,Tenofovir Disoproxil Fumarate/Emtricitabine,United States,False,uncertain,Ambiguous: Requires manual review to confirm both criteria
NCT03516747,Preoperational Fine Needle Aspiration of Pathological Parathyroid Gland,INTERVENTIONAL,WITHDRAWN,2018-06-09,2018-05-04,0,"HaEmek Medical Center, Israel",pre operative parathyroid hormone level measurement; pre operative parathyroid cytology; parathyroid hormone level measurement; parathyroid cytology,Israel,False,uncertain,Ambiguous: Requires manual review to confirm both criteria
NCT07624747,Brain Health in Transgender Adults,OBSERVATIONAL,RECRUITING,2025-10-14,2026-06-03,72,"University of Wisconsin, Madison",Magnetic Resonance Imaging; Cognition and Health Tests; Optional Exercise Test,United States,False,uncertain,Ambiguous: Requires manual review to confirm both criteria
NCT06537765,Combined Effect of Therapeutic Ultrasound and Trans Cutaneous Electrical Nerve Stimulation on Endometriosis,INTERVENTIONAL,NOT_YET_RECRUITING,2024-08-10,2024-08-05,45,Cairo University,Medical treatment; Therapeutic ultrasound (US); Transcutaneous electrical nerve stimulation (TENS),,False,uncertain,Ambiguous: Requires manual review to confirm both criteria
NCT06581679,Adenomyosis and Pregnancy: Levonorgestrel vs. GnRH for Blastocyst Transfer,INTERVENTIONAL,COMPLETED,2023-12-15,2024-09-03,184,Zagazig University,Triptorelin; levonorgestrel-releasing intrauterine system; frozen embryo transfer,Egypt,False,exclude,"Only GnRH mentioned, no explicit GAHT"
NCT03637920,Sexuality in Transmen During Hormone and Operative Treatment,OBSERVATIONAL,UNKNOWN,2018-07-30,2018-08-20,160,Medical University of Graz,,Austria,False,include,Transgender population and GAHT mentioned in title
NCT05166668,Letrozole /GnRH Antagonist Protocol in Women Over 40 Years Undergoing ICSI Cycle,INTERVENTIONAL,COMPLETED,2021-11-01,2021-12-22,200,Menoufia University,Letrozole 2.5mg tablet,Egypt,False,exclude,"Only GnRH mentioned, no explicit GAHT"
NCT00887380,STARS Breast Trial (Study of Anastrozole and Radiotherapy Sequencing),INTERVENTIONAL,UNKNOWN,2009-09-16,2009-04-24,2023,Trans Tasman Radiation Oncology Group,Pre-radiotherapy commencement of anastrozole; Radiotherapy; Post radiotherapy commencement of anastrozole,Australia; New Zealand,False,exclude,Explicit non-GAHT indication found: breast cancer
NCT04374708,Gender Identity and Own Body Perception,OBSERVATIONAL,TERMINATED,2018-02-22,2020-05-05,132,"University of California, Los Angeles",fMRI,United States,False,uncertain,Ambiguous: Requires manual review to confirm both criteria
NCT02936258,PRostate Evaluation for Clinically Important Disease: MRI vs Standard Evaluation Procedures,INTERVENTIONAL,UNKNOWN,2016-11,2016-10-18,450,Canadian Urology Research Consortium,Standard of Care; MRI; MRI Targeted Biopsy,Canada,False,exclude,Explicit non-GAHT indication found: prostate cancer
NCT00684606,Transcervical Foley Catheter With or Without Oxytocin for Induction of Labor,INTERVENTIONAL,UNKNOWN,2008-05,2008-05-26,120,Sheba Medical Center,Oxytocin IV,Israel,False,uncertain,Ambiguous: Requires manual review to confirm both criteria
NCT02983110,Sex Hormone Therapy and Mucosal Tissues,OBSERVATIONAL,COMPLETED,2016-11,2016-12-06,12,"University of North Carolina, Chapel Hill",Anoscopy with Rectal Tissue Sampling; Phlebotomy; Female Genital Tract Sampling,United States,False,uncertain,Ambiguous: Requires manual review to confirm both criteria
NCT04478760,Trans & Non-binary Reference Intervals While on Hormone Therapy Study,OBSERVATIONAL,COMPLETED,2021-04-13,2020-07-21,250,King's College Hospital NHS Trust,,United Kingdom,False,include,Transgender population and GAHT mentioned in title
NCT05863676,Ovarian Tissue Cryopreservation in the Setting of Gender-affirming Therapy,OBSERVATIONAL,ACTIVE_NOT_RECRUITING,2020-07-14,2023-05-18,20,University of Pittsburgh,Oophorectomy; Infectious Disease Testing,United States,False,uncertain,Ambiguous: Requires manual review to confirm both criteria
NCT06854965,Cohort Study on Factors Associated with the Evolution of Quality of Life Among Transgender Individuals in the French Population,OBSERVATIONAL,NOT_YET_RECRUITING,2025-02-28,2025-03-03,1500,CNGE Conseil,,France,False,uncertain,Ambiguous: Requires manual review to confirm both criteria
NCT06774053,Swiss ProspectivE Cohort of TRAnsgender and Gender Diverse Individuals - The SPECTRA Study,OBSERVATIONAL,RECRUITING,2026-04-20,2025-01-14,600,"University Hospital, Basel, Switzerland",Group A (start of GAHT); Group B (on-going GAHT); Group C (GAS),Switzerland,False,uncertain,Ambiguous: Requires manual review to confirm both criteria
NCT00544882,A Study to Evaluate Hormone Patterns and Ovarian Follicular Activity With DR-1021,INTERVENTIONAL,COMPLETED,2007-10-31,2007-10-16,61,"Teva Branded Pharmaceutical Products R&D, Inc.",DR-1021; Mircette®; Kariva®,United States,True,uncertain,Ambiguous: Requires manual review to confirm both criteria
NCT05787470,State of Hormones Impact Nociceptive Expression,OBSERVATIONAL,RECRUITING,2023-03-01,2023-03-28,120,University of Alabama at Birmingham,Quantative sensory testing; Blood Draw,United States,False,uncertain,Ambiguous: Requires manual review to confirm both criteria
NCT03789331,Anogenital Distance Differences Between Transgender Males and Female Individuals,OBSERVATIONAL,UNKNOWN,2019-04-01,2018-12-28,150,Uludag University,Anogenital distance measurement,Turkey (Türkiye),False,uncertain,Ambiguous: Requires manual review to confirm both criteria
NCT01354977,Effect of Resveratrol on Age-related Insulin Resistance and Inflammation in Humans,INTERVENTIONAL,COMPLETED,2008-03,2011-05-17,20,Albert Einstein College of Medicine,Resveratrol,United States,True,uncertain,Ambiguous: Requires manual review to confirm both criteria
NCT05116293,Effect of Testosterone Treatment on Drug Metabolism and Transport,OBSERVATIONAL,COMPLETED,2021-05-01,2021-11-11,14,University of Washington,Midazolam oral solution; Digoxin Oral Tablet; Acetaminophen Oral Tablet,United States,False,include,Transgender population and GAHT mentioned in title
NCT02550431,Trans Health: Evaluation of Markers of Cardio-metabolic Health and Well-being in Transgender Youth,OBSERVATIONAL,COMPLETED,2016-03,2015-09-15,58,"University of Colorado, Denver",,United States,False,uncertain,Ambiguous: Requires manual review to confirm both criteria
NCT06807580,Progesterone in Gender Affirming Hormone Therapy Study,INTERVENTIONAL,RECRUITING,2025-05-12,2025-02-04,40,Emory University,Placebo; Progesterone,United States,False,include,Transgender population and GAHT intervention explicitly matched
NCT07699159,Cohort Network for Adolescents and Youth With multipLe Mental Health Conditions,OBSERVATIONAL,RECRUITING,2025-03-04,2026-07-13,1620,Centre for Addiction and Mental Health,,Canada,False,uncertain,Ambiguous: Requires manual review to confirm both criteria
NCT07759518,Letrozole High Dose (10 mg) Compared to Letrozole Low Dose( 5 mg) for Ovarian Stimulation in Infertile Women With Polycystic Ovary Syndrome,INTERVENTIONAL,COMPLETED,2025-02-01,2026-08-12,86,Mst.Sumyara Khatun,Tab.Letrozole 10 mg for 5 days; Tab.Letrozole 5mg for 5 days,Bangladesh,False,uncertain,Ambiguous: Requires manual review to confirm both criteria
NCT06391034,"Magnetic Resonance (MR) Imaging With Hyperpolarized 13C-Pyruvate +/- 13C,15N-Urea in Patients With Prostate Cancer",INTERVENTIONAL,RECRUITING,2024-09-24,2024-04-30,161,"Robert Bok, MD, PhD",hyperpolarized pyruvate +/-urea (13C/15N); Non-investigational External beam radiotherapy (EBRT); Radiotherapy (RT); Multi-parametric magnetic resonance imaging (mpMRI); Non-interventional hormone therapy; Prostate Biopsy,United States,False,exclude,Explicit non-GAHT indication found: prostate cancer
NCT05934877,ASK-PrEP (Assistance Services Knowledge-PrEP),INTERVENTIONAL,TERMINATED,2023-05-11,2023-07-07,152,"Friends Research Institute, Inc.",PrEP navigation + text messaging; Standard of Care; Contingency Management,United States,False,uncertain,Ambiguous: Requires manual review to confirm both criteria
NCT04482374,Puberty Suppression and Cardiometabolic Health,OBSERVATIONAL,RECRUITING,2020-08-10,2020-07-22,30,"University of Colorado, Denver",,United States,False,uncertain,Ambiguous: Requires manual review to confirm both criteria
NCT04283656,Evaluating Drug Interactions Between Doravirine With Estradiol and Spironolactone in Healthy Transgender Women,INTERVENTIONAL,COMPLETED,2022-01-04,2020-02-25,8,Thomas Jefferson University,Doravirine/Lamivudine/Tenofovir; Spironolactone 100mg; Estradiol 2mg; Placebo,United States,True,include,Transgender population and GAHT intervention explicitly matched
NCT01662466,Effect of Testosterone Treatment on Embryo Quality,INTERVENTIONAL,UNKNOWN,2012-07-01,2012-08-10,180,Center for Human Reproduction,Testosterone cream (0.5mg per gram); DHEA; Placebo,United States,False,uncertain,Ambiguous: Requires manual review to confirm both criteria
NCT04568096,Combination of Chemopreventive Agents (All- Trans Retinoic Acid and Tamoxifen) as Potential Treatment for the Lung Complication of COVID-19,INTERVENTIONAL,UNKNOWN,2020-11,2020-09-29,160,Kafrelsheikh University,Aerosolized All-Trans Retinoic acid plus oral Tamoxifen; Standard treatment,,False,uncertain,Ambiguous: Requires manual review to confirm both criteria
NCT06022562,Effects of Gender-affirming Hormone Therapy on Transgender People,OBSERVATIONAL,COMPLETED,2024-01-08,2023-09-05,227,National Taiwan University,,Taiwan,False,include,Transgender population and GAHT mentioned in title
NCT07509827,Evaluation of mHealth Intervention to Promote HIV Prevention and Overcome Stigma Among Transgender Women (EMPOW.HER),INTERVENTIONAL,RECRUITING,2024-08-01,2026-04-03,108,"Institute of HIV Research and Innovation Foundation, Thailand",Mobile Healthy Choices (mHC)+SPC; FRESH + SPC; mHC + FRESH + SPC,Thailand,False,uncertain,Ambiguous: Requires manual review to confirm both criteria
NCT03651427,Cross-sex Hormone Therapy and Neuronal Plasticity,INTERVENTIONAL,UNKNOWN,2017-02-13,2018-08-29,30,Hospital de Clinicas de Porto Alegre,Estradiol,Brazil,False,include,Transgender population and GAHT intervention explicitly matched
NCT05454579,The South-East Asian Transgender Health Cohort,OBSERVATIONAL,COMPLETED,2022-12-02,2022-07-12,450,"Institute of HIV Research and Innovation Foundation, Thailand",,Philippines; Thailand; Vietnam,False,uncertain,Ambiguous: Requires manual review to confirm both criteria
NCT06234488,Multi-Institutional Transgender & Gender-Diverse Breast Cancer Study,OBSERVATIONAL,ACTIVE_NOT_RECRUITING,2023-12-08,2024-01-31,125,Medical College of Wisconsin,,United States,False,exclude,Explicit non-GAHT indication found: breast cancer
NCT03088631,Metformin in Intracytoplasmic Sperm Injection Cycles,INTERVENTIONAL,COMPLETED,2017-03-01,2017-03-23,320,Assiut University,Metformin; Placebo,Egypt,False,uncertain,Ambiguous: Requires manual review to confirm both criteria
NCT05455398,Establishment of a Trans-round Window Inner Ear Continuous Drug Delivery System for the Treatment of Severe-to-profound Sudden Sensorineural Hearing Loss,INTERVENTIONAL,UNKNOWN,2021-04-01,2022-07-13,218,Sun Yat-Sen Memorial Hospital of Sun Yat-Sen University,Surgical treatment of round window niche enlargement via round window for inner ear drug delivery; Drum chamber drug injection,China,False,uncertain,Ambiguous: Requires manual review to confirm both criteria
NCT04867798,Transgender Men and HIV in Uganda: PrEP Uptake and Persistence,OBSERVATIONAL,COMPLETED,2021-09-16,2021-04-30,75,Makerere University,Lamivudine-Tenofovir 300 Mg-300 Mg Oral Tablet,Uganda,False,uncertain,Ambiguous: Requires manual review to confirm both criteria
NCT03864913,Comparing Subcutaneous Testosterone to Intramuscular Testosterone in Gender Affirming Care of Transgender Male Adolescents,INTERVENTIONAL,COMPLETED,2018-01-26,2019-03-06,26,Oregon Health and Science University,Testosterone injection; PedsQL questionnarie; Masculinizing effects questionnaire; Medication experience questionnaire,United States,False,include,Transgender population and GAHT intervention explicitly matched
NCT01858194,REnal Sympathetic dEnervaTion as an a Adjunct to Catheter-based VT Ablation,INTERVENTIONAL,COMPLETED,2013-03,2013-05-21,21,Vivek Reddy,Renal sympathetic denervation; VT ablation alone,Czechia; United States,True,uncertain,Ambiguous: Requires manual review to confirm both criteria
NCT03476356,L-Carnitine and Clomiphene Citrate for Induction of Ovulation in Women With Polycystic Ovary Syndrome,INTERVENTIONAL,COMPLETED,2017-11-01,2018-03-26,106,Ain Shams University,oral clomiphene citrate; oral carnitine supplementation,Egypt,False,uncertain,Ambiguous: Requires manual review to confirm both criteria
NCT06332742,Real-world Evaluation of Qingxin Zishen Decoction on Ovarian Reserve Function Clinical Efficacy in Patients With Decreased,OBSERVATIONAL,RECRUITING,2023-11-01,2024-03-27,178,Yun Chen,,China,False,uncertain,Ambiguous: Requires manual review to confirm both criteria
NCT06487754,New-onset Chronic Pelvic Pain in Transgender People Using Testosterone Therapy: an Exploratory Qualitative Study.,OBSERVATIONAL,RECRUITING,2024-09-27,2024-07-05,15,"University Hospital, Grenoble",,France,False,include,Transgender population and GAHT mentioned in title
NCT06005610,Estradiol Therapy In Transgender Women to Research Interactions With HIV Therapy,INTERVENTIONAL,TERMINATED,2024-01-04,2023-08-22,93,National Institute of Allergy and Infectious Diseases (NIAID),Estradiol,Mexico; Peru; Thailand; United States,True,include,Transgender population and GAHT intervention explicitly matched
NCT06733350,Testosterone Replacement Therapy for the Treatment of Low Testosterone in Hypogonadal Men With Localized Prostate Cancer on Active Surveillance,INTERVENTIONAL,RECRUITING,2025-01-15,2024-12-13,600,Roswell Park Cancer Institute,Biopsy of Prostate; Biospecimen Collection; Magnetic Resonance Imaging; Patient Observation; Questionnaire Administration; Therapeutic Testosterone,United States,False,exclude,Explicit non-GAHT indication found: prostate cancer
NCT03757117,Gender-Affirmative Transgender Care to Improve the HIV Treatment Cascade,INTERVENTIONAL,COMPLETED,2016-10-01,2018-11-28,220,"Asociación Civil Impacta Salud y Educación, Peru",Feminizing hormone therapy; Peer navigation,Peru,False,include,Transgender population and GAHT intervention explicitly matched
NCT02229617,Subcutaneous Testosterone Project,INTERVENTIONAL,COMPLETED,2015-07,2014-09-01,14,University of British Columbia,Subcutaneous testosterone,Canada,False,include,Transgender population and GAHT intervention explicitly matched
NCT02119377,First Australian National Trans Mental Health Study,OBSERVATIONAL,COMPLETED,2013-08,2014-04-21,946,Curtin University,questionnaire,Australia,False,uncertain,Ambiguous: Requires manual review to confirm both criteria
NCT07145281,"Comparing the Effects of Sublingual Estradiol Treatment Versus Oral Estradiol With Cyproterone Acetate (CPA) Treatment on The Coagulation System in Transgender Women: A Prospective, Controlled Cohort Study",INTERVENTIONAL,COMPLETED,2022-11-10,2025-08-28,30,Tel-Aviv Sourasky Medical Center,"Estradiol (E2); Cyproterone Acetate (Androcur, BAY94-8367)",Israel,False,include,Transgender population and GAHT intervention explicitly matched
NCT04414748,Comparison of the Euploid Rate of Blastocyst Between PPOS and GnRH Antagonist Protocol in Patients Undergoing PGT-A,INTERVENTIONAL,COMPLETED,2020-06-10,2020-06-04,400,ShangHai Ji Ai Genetics & IVF Institute,GnRH antagonist; oral Duphaston,China,False,exclude,"Only GnRH mentioned, no explicit GAHT"
NCT06741319,Behavioral and Psychosocial Characteristics of Clients Accessing Services at IHRI,OBSERVATIONAL,RECRUITING,2013-07-02,2024-12-18,300000,"Institute of HIV Research and Innovation Foundation, Thailand",Demographic characteristics; Social and sexual behaviors; Psychosocial characteristics; Clinical characteristics; Referral and linkage to care for HIV-positive clients; Characteristics associated with service implementation,Thailand,False,uncertain,Ambiguous: Requires manual review to confirm both criteria
NCT06245681,"Effects of Cross-sex Hormone Treatment on Cardiac Function, Myocardial and Hepatic Fat Content",OBSERVATIONAL,RECRUITING,2017-10-20,2024-02-07,40,Medical University of Vienna,gender affirming hormone therapy,Austria,False,include,Transgender population and GAHT intervention explicitly matched
NCT00831233,Symptomatic Study Investigating Degarelix in Patients Suffering From Prostate Cancer,INTERVENTIONAL,TERMINATED,2009-04,2009-01-28,42,Ferring Pharmaceuticals,Degarelix; Goserelin; Bicalutamide,Germany; Spain; United Kingdom,True,exclude,Explicit non-GAHT indication found: prostate cancer
NCT01880489,Multicomponent Intervention to Reduce Sexual Risk and Substance Use,INTERVENTIONAL,COMPLETED,2013-06,2013-06-19,143,Hunter College of City University of New York,MI + CBST Intervention,United States,False,uncertain,Ambiguous: Requires manual review to confirm both criteria
NCT00146146,Testosterone and Its Metabolites in GID,INTERVENTIONAL,COMPLETED,2005-05,2005-09-05,15,Unita Complessa di Ostetricia e Ginecologia,testosterone undecanoate alone; testosterone undecanoate plus letrozole; testosterone undecanoate plus dutasteride,Italy,False,include,Transgender population and GAHT intervention explicitly matched
NCT05649943,Multimodal Approach in Patients With mHSPC. Randomized Trial of APA+ADT vs APA-ADT and Local Treatment,INTERVENTIONAL,RECRUITING,2023-03-01,2022-12-14,566,"Fondazione IRCCS Istituto Nazionale dei Tumori, Milano",APA + ADT; Local Treatmetn RT or RP,Italy,False,exclude,Explicit non-GAHT indication found: prostate cancer
NCT00766857,Effects of Exenatide in Type 2 Diabetic Patients With Congestive Heart Failure,INTERVENTIONAL,COMPLETED,2009-05,2008-10-06,27,"Amsterdam UMC, location VUmc",exenatide; Insulin glargine,Netherlands,False,uncertain,Ambiguous: Requires manual review to confirm both criteria
NCT06615401,Understanding Perceived Access and Receipt of Gender-affirming Treatments Among Transgender Veterans,OBSERVATIONAL,COMPLETED,2024-10-01,2024-09-26,986,VA Office of Research and Development,,United States,True,uncertain,Ambiguous: Requires manual review to confirm both criteria
NCT06670053,"Puberty, Testosterone, and Brain Development",OBSERVATIONAL,RECRUITING,2024-12-31,2024-11-01,100,"University of Colorado, Denver",Testosterone,United States,False,include,Transgender population and GAHT intervention explicitly matched
NCT04077151,"Transgender Youth and PrEP: PK, Safety, Uptake & Adherence - Demonstration Project",INTERVENTIONAL,COMPLETED,2022-03-14,2019-09-04,51,Hektoen Institute for Medical Research,PrEP Demonstration Project,United States,False,uncertain,Ambiguous: Requires manual review to confirm both criteria
NCT03270969,A Pharmacokinetic Evaluation of Tenofovir/Emtricitabine as HIV Pre-Exposure Prophylaxis in Transgender Women,INTERVENTIONAL,COMPLETED,2018-01-05,2017-09-01,15,University of Nebraska,Tenofovir Disoproxil Fumarate/Emtricitabine,United States,False,uncertain,Ambiguous: Requires manual review to confirm both criteria
NCT04736797,Transition in Transgender,OBSERVATIONAL,UNKNOWN,2020-11-27,2021-02-03,200,RWTH Aachen University,,Germany,False,uncertain,Ambiguous: Requires manual review to confirm both criteria
NCT02380027,PRostate Evaluation for Clinically Important Disease: Sampling Using Image-guidance Or Not?,INTERVENTIONAL,COMPLETED,2016-01,2015-03-05,500,"University College, London",MRI; MRI-targeted biopsy; TRUS-biopsy,United Kingdom,False,uncertain,Ambiguous: Requires manual review to confirm both criteria
NCT05487794,Effect of Dose Fractionation of Testosterone Cypionate on Transgender Men with Erythrocytosis,INTERVENTIONAL,COMPLETED,2022-09-01,2022-08-04,46,University of Sao Paulo,Testosterone Cypionate 100 MG/ML,Brazil,False,include,Transgender population and GAHT intervention explicitly matched
NCT01523483,Vaginal Progesterone for Prevention of Preterm Birth After an Episode of Preterm Labor,INTERVENTIONAL,COMPLETED,2012-03,2012-02-01,30,University Medical Centre Ljubljana,Progesterone; placebo vaginal capsules,Slovenia,False,uncertain,Ambiguous: Requires manual review to confirm both criteria
NCT03465852,HIV Prevention Among Latina Transgender Women Who Have Sex With Men: Evaluation of a Locally Developed Intervention,INTERVENTIONAL,COMPLETED,2019-07-15,2018-03-14,144,Centers for Disease Control and Prevention,ChiCAS,United States,False,uncertain,Ambiguous: Requires manual review to confirm both criteria
NCT04742816,Renal Effects of Hormones/Biomarkers in Transgender PrEP Recipients,INTERVENTIONAL,COMPLETED,2020-09-17,2021-02-08,42,"University of California, San Diego",IHX-CL measurements; Iohexol,United States,False,include,Transgender population and GAHT mentioned in title
NCT06987045,Trans and Non-binary Prostate-Specific Antigen Reference Interval Determination Study,OBSERVATIONAL,RECRUITING,2026-04-04,2025-05-23,500,Queen Mary University of London,,United Kingdom,False,uncertain,Ambiguous: Requires manual review to confirm both criteria
NCT05334888,Sex-differential Host-microbiome CVD Risk - A Longitudinal Cohort Approach,OBSERVATIONAL,RECRUITING,2022-08-29,2022-04-19,200,"Charite University, Berlin, Germany",,Germany,False,uncertain,Ambiguous: Requires manual review to confirm both criteria
NCT04066283,Effects of Aging and Gender-Affirming Hormone Therapy on Vascular Endothelial Function and Metabolic Profiles in Transgender Women,OBSERVATIONAL,COMPLETED,2019-04-17,2019-08-26,29,"University of Colorado, Denver",No intervention,United States,False,include,Transgender population and GAHT mentioned in title
NCT03120936,The Stay Study: A Demonstration Project Advancing PrEP Delivery in the San Francisco Bay Area Transgender Community,INTERVENTIONAL,COMPLETED,2017-08-08,2017-04-19,158,"Public Health Foundation Enterprises, Inc.",Emtricitabine / Tenofovir Disoproxil Oral Tablet; PrEP support,United States,False,uncertain,Ambiguous: Requires manual review to confirm both criteria
NCT04708600,Effectiveness of Speech Therapy in Trans Women.,INTERVENTIONAL,COMPLETED,2019-09-01,2021-01-14,78,University Ghent,Pitch Elevation Therapy; Articulation Resonance Therapy; Sham therapy,Belgium,False,uncertain,Ambiguous: Requires manual review to confirm both criteria
NCT04028219,Transgender In Transition,OBSERVATIONAL,RECRUITING,2019-05-15,2019-07-22,750,Universitätsklinikum Hamburg-Eppendorf,Online surveys,Germany; Switzerland,False,uncertain,Ambiguous: Requires manual review to confirm both criteria
NCT05529862,"Trans-RosaLEE Study: a Biomarker-directed, Translational Study",INTERVENTIONAL,ACTIVE_NOT_RECRUITING,2023-06-20,2022-09-07,115,Institut Paoli-Calmettes,Pre-treatment biopsy; Post treatment biopsy; Pre treatment blood sampling; Post treatment blood sampling,France,False,exclude,Explicit non-GAHT indication found: breast cancer
NCT04460963,Role of Adrenomedullin in Leukemic Endosteal/Vascular Niches,INTERVENTIONAL,ACTIVE_NOT_RECRUITING,2021-06-09,2020-07-08,72,Gruppo Italiano Malattie EMatologiche dell'Adulto,Adrenomedullin,Italy,False,uncertain,Ambiguous: Requires manual review to confirm both criteria
NCT04508231,Metabolic Consequences of Cross-sex Hormonal Treatment,OBSERVATIONAL,UNKNOWN,2020-07-24,2020-08-11,98,"Central Hospital, Nancy, France",Gender-affirming hormone therapy,France,False,include,Transgender population and GAHT intervention explicitly matched
NCT04203381,Skeletal Health and Bone Marrow Composition Among Youth,INTERVENTIONAL,TERMINATED,2020-09-15,2019-12-18,78,"Amy DiVasta, MD",GnRH Agonist,United States,False,exclude,"Only GnRH mentioned, no explicit GAHT"
NCT07481942,Body Composition Assessment in Transgender Population.,OBSERVATIONAL,COMPLETED,2017-01-01,2026-03-19,70,Celia Bañuls,gender affirming hormone therapy,Spain,False,include,Transgender population and GAHT intervention explicitly matched
NCT03445910,Intrauterine Injection of Human Chorionic Gonadotrophin and Pregnancy Rate in ICSI,INTERVENTIONAL,COMPLETED,2018-02-20,2018-02-26,100,Ain Shams University,Human chorionic gonadotropin,Egypt,False,uncertain,Ambiguous: Requires manual review to confirm both criteria
NCT05230979,"Evaluation of Common Bean Baked Snack Consumption on Subjective Satiety, Energy Intake and Glycemic Response in People With Overweight and Normal Weight",INTERVENTIONAL,COMPLETED,2021-11-15,2022-02-09,18,"Centro Universitario de Ciencias de la Salud, Mexico",Common bean baked snack; Cooked beans; White bread; Anhydrous glucose (first session) (for glycemic index determination); Anhydrous glucose (second session) (for glycemic index determination); Common bean baked snack (for glycemic index determination),Mexico,False,uncertain,Ambiguous: Requires manual review to confirm both criteria
NCT06357130,Gynaecological Care for Transgender People in France in 2024.,OBSERVATIONAL,COMPLETED,2024-06-03,2024-04-10,246,"University Hospital, Bordeaux",Questionnaire,France,False,uncertain,Ambiguous: Requires manual review to confirm both criteria
NCT03078829,The Relation of GnRH Treatment to QTc Interval in Transgender Females,OBSERVATIONAL,TERMINATED,2017-05-01,2017-03-13,3,"University of California, San Francisco",Treatment with a GnRh agonists,United States,False,exclude,"Only GnRH mentioned, no explicit GAHT"
NCT06439290,"Voice Outcome of Glottoplasty, Cricothyroid Approximation, Thyroplasty, and Chondrolaryngoplasty",INTERVENTIONAL,RECRUITING,2024-04-10,2024-06-03,290,University Ghent,Phonosurgery; Mastectomy/breast augmentation,Belgium,False,uncertain,Ambiguous: Requires manual review to confirm both criteria
NCT03395574,Effect of Terlipressin on Cerebral Oxygen Saturation During Liver Transplantation,INTERVENTIONAL,COMPLETED,2018-01-25,2018-01-10,30,Kasr El Aini Hospital,Terlipressin; Normal saline,Egypt,False,uncertain,Ambiguous: Requires manual review to confirm both criteria
NCT00608400,Effect of Dietary Conjugated Linoleic Acid (CLA) on Parathyroid Hormone in Men,INTERVENTIONAL,COMPLETED,2008-12,2008-02-06,55,McGill University,Clarinol CLA,Canada,False,uncertain,Ambiguous: Requires manual review to confirm both criteria
NCT02396459,Triac Trial II in MCT8 Deficiency Patients,INTERVENTIONAL,ACTIVE_NOT_RECRUITING,2020-12-07,2015-03-24,22,Rare Thyroid Therapeutics International AB,Tiratricol,Czechia; Germany; Netherlands; United States,False,uncertain,Ambiguous: Requires manual review to confirm both criteria
NCT06074796,The Determinants of Fertility Preservation in TRANSgender Patients.,OBSERVATIONAL,UNKNOWN,2023-09-25,2023-10-10,230,"Central Hospital, Nancy, France",No intervention.,France,False,uncertain,Ambiguous: Requires manual review to confirm both criteria
NCT04254354,"Transgender Men, Non-binary Persons and Testosterone Treatment BODY IDENTITY CLINIC",OBSERVATIONAL,RECRUITING,2020-03-03,2020-02-05,200,Marianne Andersen,,Denmark,False,include,Transgender population and GAHT mentioned in title
NCT02766803,Effects of Simvastatin and Micronized Trans-resveratrol Treatment on Polycystic Ovary Syndrome (PCOS) Patients,INTERVENTIONAL,UNKNOWN,2016-05,2016-05-10,60,Poznan University of Medical Sciences,Simvastatin and micronized trans-resveratrol,Poland,False,uncertain,Ambiguous: Requires manual review to confirm both criteria
NCT00805701,Study Assessing The Efficacy And Safety Of Avodart (Dutasteride) At Improving Urinary Symptoms In Men With Prostate Cancer Who Are Undergoing Seed Implantation,INTERVENTIONAL,COMPLETED,2009-01,2008-12-10,40,"Bay State Clinical Trials, Inc.",avodart; Placebo,United States,False,exclude,Explicit non-GAHT indication found: prostate cancer
NCT03457233,The Impact of Body Weight on Reproductive Outcomes in Poor Ovarian Responders in ICSI Cycles,INTERVENTIONAL,UNKNOWN,2015-01-03,2018-03-07,185,Cairo University,Gonadotropins; GNRH antagonist; Human chorionic gonadotropin Chorimon; Natural progesterone,Egypt,False,exclude,"Only GnRH mentioned, no explicit GAHT"
NCT02381821,Endometrial Volume and Sub-endometrial Vascularity as Predictors of In-vitro Fertilization Success,OBSERVATIONAL,COMPLETED,2016-01-01,2015-03-06,82,Cairo University,3 D ultrasound and Doppler examination; GnRH agonist,,False,exclude,"Only GnRH mentioned, no explicit GAHT"
NCT04077138,"Transgender Youth and PrEP: PK, Safety, Uptake & Adherence - Intervention Development",OBSERVATIONAL,COMPLETED,2019-01-01,2019-09-04,80,Hektoen Institute for Medical Research,,United States,False,uncertain,Ambiguous: Requires manual review to confirm both criteria
NCT03652623,"Transgender Youth and PrEP: PK, Safety, Uptake & Adherence - PK Study",INTERVENTIONAL,COMPLETED,2018-07-23,2018-08-29,49,Hektoen Institute for Medical Research,TDF/FTC,United States,False,uncertain,Ambiguous: Requires manual review to confirm both criteria
NCT05865262,Protocol TRANS and QT Repolarization,OBSERVATIONAL,COMPLETED,2021-11-16,2023-05-18,120,"University Hospital, Bordeaux",ECG; blood test (assessing ionic and hormonal circulating levels),France,False,uncertain,Ambiguous: Requires manual review to confirm both criteria
NCT04922424,Mechanisms and Interventions to Address Cardiovascular Risk of Gender-affirming Hormone Therapy in Trans Men,INTERVENTIONAL,WITHDRAWN,2022-09-30,2021-06-10,0,Yale University,Atorvastatin; placebo,United States,False,uncertain,Ambiguous: Requires manual review to confirm both criteria
NCT06230770,Impact of Progestin-only Contraception on Bleeding Patterns in Individuals Initiating GATT,OBSERVATIONAL,ACTIVE_NOT_RECRUITING,2024-02-01,2024-01-30,160,"University of California, San Diego",Bleeding data,United States,False,exclude,Explicit non-GAHT indication found: contraception
NCT05602805,BariaPSY: the Data Bank,OBSERVATIONAL,RECRUITING,2022-11-15,2022-11-02,10000,Laval University,,Canada,False,uncertain,Ambiguous: Requires manual review to confirm both criteria
NCT06403059,Cervical Length and Uterocervical Angle as Predictors of Spontaneous Preterm Birth,OBSERVATIONAL,COMPLETED,2023-10-15,2024-05-07,263,Beni-Suef University,Cervical Length; Uterocervical Angle,Egypt,False,uncertain,Ambiguous: Requires manual review to confirm both criteria
NCT01931982,Effect of Glucagon-like Peptide 1 (GLP-1) on Microvascular Myocardial Function in Patients With Type 2 Diabetes.,INTERVENTIONAL,COMPLETED,2013-05,2013-08-30,20,Bispebjerg Hospital,Victoza,Denmark,False,uncertain,Ambiguous: Requires manual review to confirm both criteria
NCT03081559,Improving Engagement in HIV Care for High-risk Women,INTERVENTIONAL,COMPLETED,2016-11-09,2017-03-16,278,"University of California, San Francisco",Healthy Divas,United States,False,uncertain,Ambiguous: Requires manual review to confirm both criteria
NCT05877235,Serum Concentration of Endogenous Estrogens and Sirtuin-1 After Administration of Atorvastatin and Quercetin:,INTERVENTIONAL,COMPLETED,2021-10-03,2023-05-26,60,InCor Heart Institute,Quercetin; Placebo,Brazil,False,exclude,Explicit non-GAHT indication found: menopause
NCT06116201,Influences of Long Term Hormone Therapy on Physical Fitness and Vascular Function in Transgender Women,INTERVENTIONAL,COMPLETED,2020-08-15,2023-11-03,60,Chulalongkorn University,Estradiol; Estradiol and Anti-Androgen; No intervention,Thailand,False,include,Transgender population and GAHT intervention explicitly matched
NCT07334951,Effect of Tvns in Obesity,INTERVENTIONAL,ACTIVE_NOT_RECRUITING,2026-01-11,2026-01-12,70,Cairo University,Trans vagus nerve stimulation electrical device.,Egypt,False,uncertain,Ambiguous: Requires manual review to confirm both criteria
NCT04336891,Effect of Testosterone Treatment on Clitoral Arteries' Hemodynamic Parameters.,OBSERVATIONAL,COMPLETED,2019-03-20,2020-04-07,81,University of Florence,Testosterone gel; Estradiol ovules; Moisturizer; Testosterone gel + Estradiol ovules,Italy,False,exclude,Explicit non-GAHT indication found: menopause
NCT05464186,Effects of Whole vs. Nonfat Milk Consumption on Body Composition in Children,INTERVENTIONAL,RECRUITING,2022-12-28,2022-07-19,200,Boston Children's Hospital,Whole milk; Nonfat milk,United States,False,uncertain,Ambiguous: Requires manual review to confirm both criteria
NCT00668603,Comparison of Vascular Findings Between Symptomatic and Asymptomatic Postmenopausal Women Before and During Hormone Therapy (HRT),INTERVENTIONAL,COMPLETED,2005-08,2008-04-29,160,University of Helsinki,17-b-estradiol; 17-b-estradiol + medroxyprogeterone acetate; 17-b-estradiol hemihydrate; placebo pill + gel,Finland,False,uncertain,Ambiguous: Requires manual review to confirm both criteria
NCT05428215,Comparison of PKs of 17-Beta-Estradiol Via Sublingual Placement Versus Swallowing in Male-to-Female Transgender Patients,INTERVENTIONAL,TERMINATED,2022-12-29,2022-06-23,2,MaineHealth,17beta Estradiol,United States,False,include,Transgender population and GAHT intervention explicitly matched
NCT04524325,Mechanisms of Blood Pressure Dysfunction in Transmen Receiving Testosterone,INTERVENTIONAL,WITHDRAWN,2023-01-01,2020-08-24,0,Yale University,Trans men,,False,include,Transgender population and GAHT mentioned in title
NCT06747624,A Crossover Clinical Trial Investigating the Effects of Geranylgeraniol (GG) Supplementation on Testosterone Levels in Healthy Men and Women Over an 18-week Period,INTERVENTIONAL,COMPLETED,2025-01-30,2024-12-24,34,Designs for Health,Geranylgeraniol 300 mg; Placebo,United States,False,uncertain,Ambiguous: Requires manual review to confirm both criteria
NCT07542964,Transgender Analysis of Nephrological Studies Focused on Renal Metrics,OBSERVATIONAL,NOT_YET_RECRUITING,2026-09,2026-04-21,60,"Amsterdam UMC, location VUmc",P-aminohippurate clearance study; Iohexol infusion; Hyperinsulinemic clamp,Netherlands,False,uncertain,Ambiguous: Requires manual review to confirm both criteria
NCT02518009,GEnder Dysphoria Treatment in Sweden,OBSERVATIONAL,COMPLETED,2015-04,2015-08-07,40,Karolinska Institutet,Genetic men treated with estrogen; Genetic women treated with androgen,Sweden,False,include,Transgender population and GAHT intervention explicitly matched
NCT01755182,Systemic Therapy With or Without Upfront Transarterial Embolization for Inoperable Liver Metastasis of Neuroendocrine Tumors,INTERVENTIONAL,TERMINATED,2013-07,2012-12-24,1,"National Cancer Institute, Naples",approved pharmacologic therapy; TAE,Italy,False,uncertain,Ambiguous: Requires manual review to confirm both criteria
NCT07005648,Brazilian Registry of Menopausal Health,OBSERVATIONAL,RECRUITING,2026-06-30,2025-06-05,1592,Science Valley Research Institute,,Brazil,False,exclude,Explicit non-GAHT indication found: menopause
NCT05583058,Sex Hormone Overdose and Misuse in Chinese Transgender and Gender Non-conforming Population,OBSERVATIONAL,NOT_YET_RECRUITING,2022-12-15,2022-10-17,260,Xiamen University,Hormone Overdose and Misuse,China,False,include,Transgender population and GAHT intervention explicitly matched
NCT07252687,The Effect of Gender-affirmative Measures on Breast Perception in Trans Men,OBSERVATIONAL,RECRUITING,2025-11-30,2025-11-28,100,Medical University Innsbruck,"quality of life questionnaire- iTransQoL, chest dysphoria measure",Austria,False,uncertain,Ambiguous: Requires manual review to confirm both criteria
NCT03878524,Serial Measurements of Molecular and Architectural Responses to Therapy (SMMART) PRIME Trial,INTERVENTIONAL,TERMINATED,2020-04-01,2019-03-18,2,OHSU Knight Cancer Institute,Abemaciclib; Abiraterone; Afatinib; Bevacizumab; Bicalutamide; Biospecimen Collection; Bortezomib; Cabazitaxel; Cabozantinib; Capecitabine; Carboplatin; Celecoxib; Cobimetinib; Copanlisib; Dabrafenib; Dacomitinib; Darolutamide; Dasatinib; Doxorubicin; Durvalumab; Enasidenib; Entrectinib; Enzalutamide; Erlotinib; Everolimus; Fluorouracil; Idelalisib; Imatinib; Ipilimumab; Lenvatinib; Leucovorin; Lorlatinib; Losartan; Nab-paclitaxel; Neratinib; Nivolumab; Olaparib; Oxaliplatin; Palbociclib; Panobinostat; Pembrolizumab; Pertuzumab; Ponatinib; Quality-of-Life Assessment; Regorafenib; Ruxolitinib; Sirolimus; Sorafenib; Sunitinib; Trametinib; Trastuzumab Emtansine; Tretinoin; Vemurafenib; Venetoclax; Vismodegib; Vorinostat,United States,False,exclude,Explicit non-GAHT indication found: prostate cancer
NCT05019417,Glycerol-Phenylbutyrate Treatment in Children With MCT Mutation (Allan-Herndon- Dudley Syndrome),INTERVENTIONAL,UNKNOWN,2021-06-30,2021-08-24,6,Kaplan Medical Center,Glycerol Phenylbutyrate 1100 MG/ML,Israel,False,uncertain,Ambiguous: Requires manual review to confirm both criteria
NCT07400419,Effects of Resistance Exercise Among TGD Individuals Initiating Estrogen-Based Gender-Affirming Hormone Therapy,INTERVENTIONAL,RECRUITING,2026-04-16,2026-02-10,60,Massachusetts General Hospital,Resistance Exercise Program; Nutrition and Exercise Counseling,United States,False,include,Transgender population and GAHT mentioned in title
NCT06351501,Evaluation of the Effectiveness of Hormonal Treatment in Adolescents Suffering From Gender Dysphoria,INTERVENTIONAL,RECRUITING,2024-06-25,2024-04-08,60,Assistance Publique - Hôpitaux de Paris,hormonal treatment with cross sex hormones (testosterone or oestrogenes) started at 14 years old +/- 6 months; Cross sex hormones ( œstrogenes or testosterone) started at 15.5 years old +/- 6 months,France,False,include,Transgender population and GAHT intervention explicitly matched
NCT07448272,Letrozole 5 mg for 10 Days Versus Letrozole 10 mg for 5 Days for Ovarian Stimulation in PCOS,INTERVENTIONAL,ACTIVE_NOT_RECRUITING,2025-04-01,2026-03-04,80,Mst.Sumyara Khatun,Tab letrozole 5mg for 10 days; Tabletrozole 10mg for 5 days,Bangladesh,False,uncertain,Ambiguous: Requires manual review to confirm both criteria
NCT07128771,Cardiomodulatory Effects of Gender-Affirming Hormone Therapy,OBSERVATIONAL,ENROLLING_BY_INVITATION,2025-09-05,2025-08-19,450,"University Hospital, Akershus",,Norway,False,include,Transgender population and GAHT mentioned in title
NCT01072825,A European Network for the Investigation of Gender Incongruence,OBSERVATIONAL,RECRUITING,2010-02-15,2010-02-22,125,"University Hospital, Ghent",questionnaires; blood sampling; clinical evaluation; Dermatology evaluation; Bone evaluation,Belgium; Italy; Netherlands; Norway,False,uncertain,Ambiguous: Requires manual review to confirm both criteria
NCT04935164,Comparative Study of Gender Identity Disorder Versus Control,OBSERVATIONAL,RECRUITING,2021-03-26,2021-06-22,120,Centre Hospitalier Henri Laborit,Psychiatric evaluations,France,False,uncertain,Ambiguous: Requires manual review to confirm both criteria
NCT03220152,Implementation of PrEP to HIV in Brazilian Transgender Women,INTERVENTIONAL,UNKNOWN,2017-07-10,2017-07-18,120,Oswaldo Cruz Foundation,emtricitabine / tenofovir 200/300 mg,Brazil,False,uncertain,Ambiguous: Requires manual review to confirm both criteria
NCT04050371,Study of Truvada for HIV Pre Exposure Prophylaxis Using Daily Directly Observed Therapy to Look at Potential Interactions Between Truvada and Hormone Therapy,INTERVENTIONAL,COMPLETED,2017-08-03,2019-08-08,48,"University of California, San Francisco",200 mg emtricitabine and 300 mg tenofovir disoproxil fumarate,United States,True,include,Transgender population and GAHT mentioned in title
NCT03259516,Nivolumab With Chemotherapy in Refractory MDS,INTERVENTIONAL,TERMINATED,2017-05-25,2017-08-23,2,St. Petersburg State Pavlov Medical University,Nivolumab; Azacitidine; Fludarabine; Cyclophosphamide; Cytarabine; all trans retinoic acid; Sildenafil; Melphalan,Russia,False,uncertain,Ambiguous: Requires manual review to confirm both criteria
NCT04590417,Assessment of Drug-drug Interactions Between Feminizing Hormone Therapy and Emtricitabine/Tenofovir Alafenamide Concomitantly for Pre-exposure Prophylaxis Among Transgender Women,INTERVENTIONAL,ACTIVE_NOT_RECRUITING,2022-01-24,2020-10-19,20,Thai Red Cross AIDS Research Centre,"Estradiol valerate 2 mg, cyproterone acetate 25 mg",Thailand,False,include,Transgender population and GAHT intervention explicitly matched
NCT01065220,Sex Steroids and the Serotonin Transporter,INTERVENTIONAL,COMPLETED,2010-02,2010-02-09,32,Medical University of Vienna,Testolactone undecanoate; Lynestrenol; Cyproterone Acetate; Estradiol; 5-alpha reductase inhibitor,Austria,False,include,Transgender population and GAHT intervention explicitly matched
NCT04440722,Prospective Observational Study and Biobank CKIO,OBSERVATIONAL,SUSPENDED,2020-09-01,2020-06-22,100,Odense University Hospital,,Denmark,False,uncertain,Ambiguous: Requires manual review to confirm both criteria
NCT04414761,Live Birth Rate Between PPOS and GnRH Antagonist Protocol in Patients With Anticipated High Ovarian Response,INTERVENTIONAL,COMPLETED,2020-06-04,2020-06-04,784,ShangHai Ji Ai Genetics & IVF Institute,Progesterone; GnRH Antagonist,China,False,exclude,Explicit non-GAHT indication found: ivf
NCT04534881,Effect of Progesterone on Testosterone Concentrations and Breast Development in Transwomen,INTERVENTIONAL,TERMINATED,2020-10-20,2020-09-01,5,St. Louis University,Progesterone 200 MG; Placebo,United States,True,include,Transgender population and GAHT intervention explicitly matched
NCT06291675,"Gender-Affirming Hormone Therapy and Its Impact on Myocardial Mass and Cardiac Function, Heart, Liver and Pancreatic Fat Content",OBSERVATIONAL,RECRUITING,2023-03-03,2024-03-04,50,Medical University of Vienna,gender-affirming hormone therapy,Austria,False,include,Transgender population and GAHT intervention explicitly matched
NCT04593680,Assessment of Drug-drug Interactions Between Masculinizing Hormone Therapy and Antiretroviral Agents Concomitantly for Pre-exposure Prophylaxis Among Transgender Men,INTERVENTIONAL,ACTIVE_NOT_RECRUITING,2022-01-24,2020-10-20,20,Thai Red Cross AIDS Research Centre,Emtricitabine 200 mg/tenofovir disoproxil fumarate 300 mg (F/TDF) and emtricitabine 200 mg/tenofovir alafenamide 25 mg (F/TAF),Thailand,False,include,Transgender population and GAHT mentioned in title
NCT03784404,Trans-vaginal Aspiration of Small Ovarian Endometrioma. Comparison of Two Different Techniques Before ICSI,INTERVENTIONAL,UNKNOWN,2018-12,2018-12-21,100,Cairo University,Transvaginal aspiration; transvaginal aspiration and surgicel injection; Intracytoplasmic sperm injection,Egypt,False,exclude,"Only GnRH mentioned, no explicit GAHT"
NCT05442463,Hormone Therapy and Angiotensin-Dependent Arterial and Renal Vasoconstriction in Humans,OBSERVATIONAL,RECRUITING,2020-11-30,2022-07-05,200,University of Calgary,Captopril Tablets; Iohexol,Canada,False,uncertain,Ambiguous: Requires manual review to confirm both criteria
NCT04551144,"Effect of Transgender Therapy on Muscle, Fat and Tissue Receptors",OBSERVATIONAL,TERMINATED,2020-10-06,2020-09-16,4,St. Louis University,testosterone cypionate; Estradiol Valerate,United States,False,include,Transgender population and GAHT intervention explicitly matched
NCT04869865,"The Effects of a Springtime Home Cleanse on Skin, Gut, Metabolic and Mental Health",INTERVENTIONAL,UNKNOWN,2021-04-29,2021-05-03,18,Integrative Skin Science and Research,9-day detoxification cleanse and 1 week of pre-cleanse transition,United States,False,uncertain,Ambiguous: Requires manual review to confirm both criteria
NCT07145827,Effect of Metformin on Endometrial Thickness in Postmenopausal Breast Cancer Patients Receiving Tamoxifen,INTERVENTIONAL,COMPLETED,2024-01-02,2025-08-28,60,Uruk University,Metfomin; tamoxifen; Placebo matching Metformin,Iraq,False,exclude,Explicit non-GAHT indication found: breast cancer
NCT03826563,Melatonin Effects on Sleep and Circadian Rhythm in Youth and Young Adults With At-risk Symptoms,INTERVENTIONAL,COMPLETED,2019-01-18,2019-02-01,21,Children's Hospital of Philadelphia,oral melatonin tablets (NatureMade brand); Placebo,United States,False,uncertain,Ambiguous: Requires manual review to confirm both criteria
NCT03230084,Use of a Home-based PDG Urine Test to Confirm Ovulation,INTERVENTIONAL,COMPLETED,2017-08-23,2017-07-26,25,Bruyère Health Research Institute.,Urine PDG test,Canada,False,uncertain,Ambiguous: Requires manual review to confirm both criteria
NCT05527353,AMH for the Identification of PCOM in PCOS Diagnosis,OBSERVATIONAL,UNKNOWN,2020-05-13,2022-09-02,1800,Oulu University Hospital,,Finland,False,uncertain,Ambiguous: Requires manual review to confirm both criteria
NCT04036500,Transgender Estradiol,INTERVENTIONAL,COMPLETED,2019-09-23,2019-07-29,11,Medical College of Wisconsin,Estradiol,United States,True,include,Transgender population and GAHT intervention explicitly matched
NCT05369247,Interval Versus Continuous Exercise During Pregnancy,INTERVENTIONAL,COMPLETED,2020-12-01,2022-05-11,32,University of Alberta,High intensity Interval Training; Moderate Intensity Continuous Training,Canada,False,uncertain,Ambiguous: Requires manual review to confirm both criteria
NCT00884273,Investigation of the Effect of Degarelix in Terms of Prostate Volume Reduction in Prostate Cancer Patients,INTERVENTIONAL,COMPLETED,2009-08,2009-04-20,182,Ferring Pharmaceuticals,Degarelix; Goserelin; Bicalutamide,Belgium; Denmark; Finland; Italy; Norway; Portugal; Sweden; Turkey (Türkiye),True,exclude,Explicit non-GAHT indication found: prostate cancer
NCT05169762,Feminizing Treatment in Transgender Women and Non-binary Persons,OBSERVATIONAL,RECRUITING,2022-02-01,2021-12-27,100,Odense University Hospital,standard treatment,Denmark,False,uncertain,Ambiguous: Requires manual review to confirm both criteria
NCT05587751,Evaluation of Gender-Affirming Treatments on Pulmonary Function in Transgender and Gender Diverse Patients,INTERVENTIONAL,RECRUITING,2023-02-01,2022-10-20,44,Mayo Clinic,Spirometry; Plethysmography,United States,False,uncertain,Ambiguous: Requires manual review to confirm both criteria
NCT04616963,Emtricitabine/Tenofovir Alafenamide Switch Study for Transgender Individuals for HIV Pre-exposure Prophylaxis,INTERVENTIONAL,ACTIVE_NOT_RECRUITING,2019-10-24,2020-11-05,64,"University of California, San Diego",Emtricitabine / Tenofovir Disoproxil Oral Tablet 200/300 mg; Emtricitabine Tenofovir Alafenamide 200/25 mg,United States,False,uncertain,Ambiguous: Requires manual review to confirm both criteria
NCT03683043,Comparative Study Between ICSI Results in Transvaginal Ultrasound Guided Embryo Transfer and Transabdominal Ultrasound Guided Embryo Transfer,INTERVENTIONAL,UNKNOWN,2018-09,2018-09-25,120,Cairo University,Long GnRH agonist protocol; Embryo transfer,Egypt,False,exclude,"Only GnRH mentioned, no explicit GAHT"
NCT04511052,Probiotics for Enhanced Tissue Carotenoid Status in Premenopausal Women,INTERVENTIONAL,COMPLETED,2021-11-01,2020-08-12,37,McGill University,Probiotic; Placebo; Carotenoid supplement,Canada,False,uncertain,Ambiguous: Requires manual review to confirm both criteria
NCT07085715,Pan-Viral Screening and Linkage to Care Among GBMSM and Trans Women in Spain,OBSERVATIONAL,NOT_YET_RECRUITING,2025-10,2025-07-25,500,Fundació Institut Germans Trias i Pujol,"Online self-sampling testing strategy to enhance pan-viral testing (HBV, HCV, HIV)",,False,uncertain,Ambiguous: Requires manual review to confirm both criteria
NCT06470906,Feasibility of an Oral Intervention for Sexual Health in Transgender Men,INTERVENTIONAL,COMPLETED,2024-08-14,2024-06-24,29,Columbia University,Probiotic Group; Placebo Group,United States,False,uncertain,Ambiguous: Requires manual review to confirm both criteria
NCT06545721,Weight Cycling on Hyperandrogenemia and Insulin Resistance in Polycystic Ovary Syndrome,INTERVENTIONAL,RECRUITING,2024-08-13,2024-08-09,425,Peking Union Medical College Hospital,Adjusting dietary structure + exercise + behavioral intervention; Precision dietary prescription; Standard guideline-based low-energy diet,China,False,uncertain,Ambiguous: Requires manual review to confirm both criteria
NCT05166083,Investigation of the Perceptual and Acoustic Voice in Trans Man,OBSERVATIONAL,COMPLETED,2022-03-11,2021-12-21,26,Hacettepe University,Testosterone Hormon Therapy,Turkey (Türkiye),False,include,Transgender population and GAHT intervention explicitly matched
NCT03725280,Micro RNA Profile in the Ovarian Follicle Fluid of Transgender Men,OBSERVATIONAL,UNKNOWN,2018-11-01,2018-10-31,40,Tel-Aviv Sourasky Medical Center,IVF,,False,exclude,Explicit non-GAHT indication found: ivf
NCT05663892,Drug-Drug Interaction Study in Trans Women Living With HIV,INTERVENTIONAL,ACTIVE_NOT_RECRUITING,2022-11-23,2022-12-23,45,Maple Leaf Research,Biktarvy 50/200/25 Tab; Estradiol Tablets,Canada,False,include,Transgender population and GAHT intervention explicitly matched
NCT04149028,Platelet Rich Plasma Injection Into Ovary of Patients With Premature Ovarian Insufficiency,INTERVENTIONAL,COMPLETED,2019-12-01,2019-11-04,16,Tanta University,PRP injection inside the ovary by laparoscoy. The injection volume is 2 ml,Egypt,False,uncertain,Ambiguous: Requires manual review to confirm both criteria
NCT06496581,Standard of Care +/- 177Lu-PSMA-617 In de Novo mHSPC Patients With Poor PSA Response (PEACE6-Poor Responders),INTERVENTIONAL,RECRUITING,2024-09-12,2024-07-11,500,UNICANCER,177Lu-PMSA-617; Standard of Care,France,False,exclude,Explicit non-GAHT indication found: prostate cancer
NCT06221163,Sociological Study of the Life Courses of Young TRANSgender Patients,OBSERVATIONAL,UNKNOWN,2024-04,2024-01-24,30,"Central Hospital, Nancy, France",collection of biographical and sociological data,,False,uncertain,Ambiguous: Requires manual review to confirm both criteria
NCT05016349,"Investigating the Potential Role of a Novel Quadrate Combination Therapy Mifepristone(Antiprogestrone), Tamoxifen, Retinoic Acid and Cannabidiol ( Selective Cyp 26 Inhibitor) for Treating Early Breast Cancer.",INTERVENTIONAL,UNKNOWN,2021-08,2021-08-23,160,Mahmoud Ramadan mohamed Elkazzaz,All trans-retinoic acid; 13-Cis Retinoic Acid plus Tocopherol; Mifepristone; Cannabidiol; 9 cis retinoic acid; Tamoxifen; Standard therapy,,False,exclude,Explicit non-GAHT indication found: breast cancer
NCT02018497,Essential Hypotension and Allostasis Registry,OBSERVATIONAL,UNKNOWN,1995-01,2013-12-23,5000,CES University,,Colombia,False,uncertain,Ambiguous: Requires manual review to confirm both criteria
NCT02434562,Development and Validation of in Vitro Cell-based Bioassays for Nuclear Receptor Activation,OBSERVATIONAL,COMPLETED,2012-04,2015-05-05,73,Universitaire Ziekenhuizen KU Leuven,Serum (with or without urine) samples,,False,exclude,Explicit non-GAHT indication found: hypogonadism
NCT06247267,The Effect of Sex Steroid Replacement Therapy in the Hypogonadism and Transgender Active-Duty Population,OBSERVATIONAL,RECRUITING,2021-03-09,2024-02-07,75,Walter Reed National Military Medical Center,Fortesta; Estradiol; Fortesta,United States,False,exclude,Explicit non-GAHT indication found: hypogonadism
NCT03557268,Pubertal Blockade and Hormone Therapy in Transgender Youth,OBSERVATIONAL,COMPLETED,2018-06-19,2018-06-14,19,"University of Colorado, Denver",,United States,False,include,Transgender population and GAHT mentioned in title
NCT05153395,Impact of Intranasal Insulin on Sympathetic Activity and Cerebral Vasodilation,INTERVENTIONAL,SUSPENDED,2021-12-01,2021-12-10,65,University of Missouri-Columbia,Carbon dioxide breathing; Neurovascular Coupling; Human insulin,United States,False,uncertain,Ambiguous: Requires manual review to confirm both criteria
NCT06854432,Assessment of Biological and Biometrological Parameters in Adult Subjects with Androgenetic Alopecia,INTERVENTIONAL,TERMINATED,2024-03-05,2025-03-03,46,Pierre Fabre Dermo Cosmetique,Biometrological measurements; Biological sampling,France,False,uncertain,Ambiguous: Requires manual review to confirm both criteria
NCT04448418,The Impact of COVID-19 Outbreak on Trans-population's Health in Italy,OBSERVATIONAL,COMPLETED,2020-05-20,2020-06-25,111,Unita Complessa di Ostetricia e Ginecologia,web based survey,Italy,False,uncertain,Ambiguous: Requires manual review to confirm both criteria
NCT07394400,"Effects of Gender-Affirming Hormone Therapy on Cardiovascular, Metabolic, and Mental Health Outcomes in Transgender Adults.",OBSERVATIONAL,NOT_YET_RECRUITING,2026-02-14,2026-02-06,94,Milagros Rocha Barajas,,Spain,False,include,Transgender population and GAHT mentioned in title
NCT00962637,Study to Evaluate the Safety and Efficacy of Androxal™ Treatment in Men With Secondary Hypogonadism,INTERVENTIONAL,COMPLETED,2006-03,2009-08-20,194,Repros Therapeutics Inc.,Androxal; Androxal; AndroGel; Placebo,United States,False,exclude,Explicit non-GAHT indication found: hypogonadism
NCT03848234,"Estradiol Patch as add-on to Antipsychotics in Patients With Schizophrenia, Schizoaffective or Schizophreniform Disorder",INTERVENTIONAL,COMPLETED,2015-12-04,2019-02-20,209,Tangent Data,Estradiol; Placebo,Moldova,False,uncertain,Ambiguous: Requires manual review to confirm both criteria
NCT00082082,A Trial of Thymalfasin in Adult Patients With Hepatocellular Carcinoma,INTERVENTIONAL,COMPLETED,,2004-04-30,,SciClone Pharmaceuticals,Thymalfasin (thymosin alpha-1); Trans arterial chemoembolization (TACE),United States,False,uncertain,Ambiguous: Requires manual review to confirm both criteria
NCT07092527,"Androgen Effects on the Reproductive Neuroendocrine Axis, 2025 Version",INTERVENTIONAL,RECRUITING,2025-12-05,2025-07-30,80,"University of California, San Diego",Testosterone Cypionate 50 milligrams per millileter (mg/mL) Injectable Solution,United States,False,include,Transgender population and GAHT intervention explicitly matched
NCT06779331,Phosphate Urine Excretion in Critically Ill Patients,OBSERVATIONAL,ACTIVE_NOT_RECRUITING,2023-09-11,2025-01-16,205,Rabin Medical Center,,Israel,False,uncertain,Ambiguous: Requires manual review to confirm both criteria
NCT05130086,A Study of Islatravir (MK-8591) in Trans and Gender Diverse Participants (MK-8591-035),INTERVENTIONAL,WITHDRAWN,2022-10-17,2021-11-22,0,Merck Sharp & Dohme LLC,Islatravir,,False,uncertain,Ambiguous: Requires manual review to confirm both criteria
NCT02766764,Combined Dehydropeiandrosterone and Growth Hormone in Women With Expected Poor Ovarian Response Undergoing ICSI,INTERVENTIONAL,UNKNOWN,2016-06,2016-05-10,230,Cairo University,DHEA; Growth hormone; Placebo 1; Placebo 2,Egypt,False,uncertain,Ambiguous: Requires manual review to confirm both criteria
NCT03864198,"To Evaluate the Effect of Reveratrol,Folic Acid, Vitamin D, Vitamin B12 and B6 in Male Infertility",INTERVENTIONAL,UNKNOWN,2019-01-20,2019-03-06,20,University Of Perugia,Genante,Italy,False,uncertain,Ambiguous: Requires manual review to confirm both criteria
NCT02985996,Body Compartment PK for New HIV Pre-exposure Prophylaxis Modalities,INTERVENTIONAL,COMPLETED,2017-02-06,2016-12-07,48,Emory University,Truvada; Genvoya,United States,True,uncertain,Ambiguous: Requires manual review to confirm both criteria
NCT02060474,Thyroid Hormone Analog Therapy in MCT8 Deficiency: Triac Trial Patients,INTERVENTIONAL,COMPLETED,2014-10,2014-02-12,46,Erasmus Medical Center,Triac,Netherlands,False,uncertain,Ambiguous: Requires manual review to confirm both criteria
NCT04838249,"Effects of Cross-sex Hormone Therapy on Eating Behavior, Metabolism, Energy Balance and Cardiovascular System",OBSERVATIONAL,RECRUITING,2021-05-05,2021-04-09,80,University of Leipzig,,Germany,False,include,Transgender population and GAHT mentioned in title
NCT05195164,The Effects of Orchiectomy and Age on Vascular and Metabolic Health in Older Versus Younger Transgender Women,OBSERVATIONAL,COMPLETED,2021-03-22,2022-01-18,17,"University of Colorado, Denver",No intervention,United States,False,uncertain,Ambiguous: Requires manual review to confirm both criteria
NCT04195659,Chest Dysphoria in Transmasculine Spectrum Adolescents,OBSERVATIONAL,COMPLETED,2019-10-29,2019-12-12,81,Northwestern University,Mastectomy and chest masculinization,United States,False,uncertain,Ambiguous: Requires manual review to confirm both criteria
NCT04107480,PRolaCT - Three Prolactinoma RCTs,INTERVENTIONAL,UNKNOWN,2019-06-21,2019-09-27,880,Leiden University Medical Center,Endoscopic trans-sphenoidal adenoma resection; Dopamine Agonists,Netherlands,False,uncertain,Ambiguous: Requires manual review to confirm both criteria
NCT04128488,Effects of Gender-Affirming Hormone Therapy Among Transgender Women,OBSERVATIONAL,COMPLETED,2019-11-01,2019-10-16,33,Massachusetts General Hospital,"Abdominal MR Imaging; Cardiac MRI/MRS; Oral Glucose Tolerance Testing; Whole Body, Lumbar Spine, and Hip DEXA Imaging",United States,False,include,Transgender population and GAHT mentioned in title
NCT05607303,Effect of Hormones on Frequency of Headache and Brain Structure and Function in Puberty,OBSERVATIONAL,ACTIVE_NOT_RECRUITING,2021-12-14,2022-11-07,140,"University of Colorado, Denver",Clinical estrogen therapy,United States,False,uncertain,Ambiguous: Requires manual review to confirm both criteria
NCT02936505,Clinical Study Evaluating Two Treatment Protocols for Immunosuppressive Drugs. Looking at 3-year Incidence of CLAD.,INTERVENTIONAL,ACTIVE_NOT_RECRUITING,2016-10-12,2016-10-18,249,Vastra Gotaland Region,Cyclosporine; Mycophenolate mofetil (MMF); Rabbit Anti thymocyte globulin; Corticosteroids; Tacrolimus,Denmark; Finland; Norway; Sweden,False,uncertain,Ambiguous: Requires manual review to confirm both criteria
NCT04944654,"Efficacy, Tolerability and Acceptability of Biktarvy by TPLWH",INTERVENTIONAL,TERMINATED,2023-01-07,2021-06-29,1,Chelsea and Westminster NHS Foundation Trust,BIKTARVY 50Mg-200Mg-25Mg Tablet,United Kingdom,False,uncertain,Ambiguous: Requires manual review to confirm both criteria
NCT00450749,Lycopene in Treating Patients Undergoing Radical Prostatectomy for Prostate Cancer,INTERVENTIONAL,COMPLETED,2008-02,2007-03-22,10,National Cancer Institute (NCI),placebo; therapeutic conventional surgery; laboratory biomarker analysis; lycopene,United States,True,exclude,Explicit non-GAHT indication found: prostate cancer
NCT06969326,Topical Estrogen: Brief Intervention to Improve Postoperative Experience for Transgender Men Undergoing Hysterectomy,INTERVENTIONAL,RECRUITING,2025-05-01,2025-05-13,48,Women and Infants Hospital of Rhode Island,Use of topical estradiol; No intervention,United States,False,include,Transgender population and GAHT intervention explicitly matched
NCT02715232,Effects of Sex Steroids on the Serotonin System,INTERVENTIONAL,UNKNOWN,2017-02-06,2016-03-22,92,Medical University of Vienna,Testosterone; Lynestrenol; Cyproterone Acetate; Estradiol; Triptorelin acetate,Austria,False,include,Transgender population and GAHT intervention explicitly matched
NCT06298032,"A Study Investigating the Safety, Tolerability, Immunogenicity and Pharmacokinetics of Olamkicept in Healthy Persons",INTERVENTIONAL,COMPLETED,2024-02-20,2024-03-07,49,Ferring Pharmaceuticals,Olamkicept Part A; Olamkicept Part B; Placebo,Germany,False,uncertain,Ambiguous: Requires manual review to confirm both criteria
NCT00833248,Neoadjuvant Study Investigating Degarelix in Patients Suffering From Prostate Cancer,INTERVENTIONAL,COMPLETED,2009-04,2009-02-02,246,Ferring Pharmaceuticals,Degarelix; Goserelin; Bicalutamide,France; Germany; Greece; Netherlands; Spain; United Kingdom; United States,True,exclude,Explicit non-GAHT indication found: prostate cancer
NCT00711607,"A Trial to Assess the Pharmacokinetic Profile (e.g., Uptake, Distribution and Excretion of a Substance in the Body) of Nomegestrol Acetate (NOMAC), Estradiol (E2) and Estrone (E1) After Multiple and Single Dose Administration of the Combined Oral Contraception NOMAC-E2 (COMPLETED)(P05822)",INTERVENTIONAL,COMPLETED,2007-05-01,2008-07-09,25,Organon and Co,nomegestrol acetate and estradiol,,False,exclude,Explicit non-GAHT indication found: contraception
NCT04326569,Copeptin in the Diagnosis of Post-operative Insipidus Diabetes After Pituitary Surgery,INTERVENTIONAL,COMPLETED,2022-01-03,2020-03-30,57,CHU de Reims,Blood sample,France,False,uncertain,Ambiguous: Requires manual review to confirm both criteria
NCT02741154,Role of Aromatase Inhibitor to Enhance Ovulation in Poor Responder During Induction With Short Antagonist Protocol in Cases of ICSI,INTERVENTIONAL,COMPLETED,2016-08-12,2016-04-18,50,Minia University,induction with aromataze inhibitor; HMG; GnRh a; HCG,Egypt,False,exclude,"Only GnRH mentioned, no explicit GAHT"
NCT04864951,HPV Prevalence in Transpersons - a Prospective Study,INTERVENTIONAL,COMPLETED,2021-05-02,2021-04-29,203,Sophie Pils,Colli-Pee urine collection device; Survey,Austria; Slovenia,False,uncertain,Ambiguous: Requires manual review to confirm both criteria
NCT05010707,Transgender Estradiol Affirming Therapy,INTERVENTIONAL,COMPLETED,2021-08-02,2021-08-18,39,Washington University School of Medicine,Transdermal patch; Pro-thrombotic markers; Metabolic markers; Hormone Profile; Daily Sublingual Tablet; BID Sublingual Tablet; Spironolactone,United States,True,include,Transgender population and GAHT intervention explicitly matched
NCT04596592,Pubertal Blockade and Estradiol Effects on Cardiometabolic Health for Transitioning Youth,OBSERVATIONAL,RECRUITING,2021-02-15,2020-10-22,90,"University of Colorado, Denver",,United States,False,include,Transgender population and GAHT mentioned in title
NCT05587296,"A Study to Learn More About How Well Elinzanetant Works and How Safe it is Compared to Placebo for the Treatment of Hot Flashes Caused by Anti-cancer Therapy in Women With, or at High Risk for Developing Hormone-receptor Positive Breast Cancer",INTERVENTIONAL,ACTIVE_NOT_RECRUITING,2022-10-14,2022-10-20,474,Bayer,Elinzanetant (BAY3427080); Placebo,Austria; Belgium; Canada; Finland; France; Germany; Hungary; Ireland; Israel; Italy; Kazakhstan; Poland; Portugal; Romania; Spain; United Kingdom,True,exclude,Explicit non-GAHT indication found: breast cancer
NCT03964779,Prevalence of Thyroid Dysfunction and Anti-thyroid Antibodies in Infertile Women,OBSERVATIONAL,UNKNOWN,2019-05,2019-05-28,120,Cairo University,Hormonal assay; Antibody assay,Egypt,False,uncertain,Ambiguous: Requires manual review to confirm both criteria
NCT01812161,Effect of Low-frequency Electroacupuncture (EA) on Polycystic Ovary Syndrome,INTERVENTIONAL,COMPLETED,2012-11,2013-03-18,54,Huazhong University of Science and Technology,acupuncture protocol 1; Acupuncture protocol 2,China,False,uncertain,Ambiguous: Requires manual review to confirm both criteria
NCT06083766,Metabolic and Physiologic Responses to Hormone Therapy in Transgender and Gender Diverse People,OBSERVATIONAL,RECRUITING,2024-01-04,2023-10-16,24,Mayo Clinic,hormone therapy,United States,False,include,Transgender population and GAHT intervention explicitly matched
NCT01999686,"PCOS Treatment Using DLBS3233, Metformin, and Combination of Both",INTERVENTIONAL,COMPLETED,2014-10,2013-12-03,186,Dexa Medica Group,DLBS3233; Metformin XR; Placebo metformin; Placebo DLBS3233,Indonesia,False,uncertain,Ambiguous: Requires manual review to confirm both criteria
NCT06149065,Factors Associated With the Acne Severity Among Transmen Population: a Cross-sectional Study,OBSERVATIONAL,COMPLETED,2021-06-05,2023-11-28,247,Mahidol University,Testosterone,Thailand,False,include,Transgender population and GAHT intervention explicitly matched
NCT01292785,"Effects of Sex Steroid Hormones on Human Brain Function, Structure and Connectivity",OBSERVATIONAL,COMPLETED,2011-01,2011-02-10,80,Medical University of Vienna,Hormones,Austria,False,include,Transgender population and GAHT intervention explicitly matched
NCT04742491,Pre-Exposure Prophylaxis for Transgender Women in the US and South America,INTERVENTIONAL,COMPLETED,2021-03-26,2021-02-08,304,HIV Prevention Trials Network,Immediate Intervention Arm; Deferred Intervention Arm,Brazil; United States,True,uncertain,Ambiguous: Requires manual review to confirm both criteria
NCT01171911,Comparison of Intravenous Injection of Calcium Antagonist and Beta-blockade on Endothelial Shear Stress of Coronary Artery,INTERVENTIONAL,UNKNOWN,2010-10,2010-07-29,200,Nanjing Medical University,"Nicardipine , Esmolol",China,False,uncertain,Ambiguous: Requires manual review to confirm both criteria
NCT05387577,Coagulation and Fibrinolysis of Estradiol in Transwomen,INTERVENTIONAL,TERMINATED,2021-12-07,2022-05-24,6,Medical College of Wisconsin,Estradiol Tablets; Transdermal patch; Estradiol Tablets,United States,False,include,Transgender population and GAHT intervention explicitly matched
NCT05469204,Effect of Estrogen Treatment on Drug Metabolism and Transport,INTERVENTIONAL,COMPLETED,2022-11-01,2022-07-21,22,University of Washington,Midazolam oral solution; Digoxin Oral Tablet; Acetaminophen Oral Tablet; Midazolam Injectable Solution,United States,False,include,Transgender population and GAHT mentioned in title
NCT04971447,Extracellular Vesicles and Endothelial Function in Transgender Subjects,INTERVENTIONAL,UNKNOWN,2022-08,2021-07-21,136,"Central Hospital, Nancy, France",gender affirming hormonal treatment in transgender men; gender affirming hormonal treatment in transgender women,,False,uncertain,Ambiguous: Requires manual review to confirm both criteria
NCT06953908,The Copenhagen Gender Identity Cohort,OBSERVATIONAL,RECRUITING,2022-02-01,2025-05-01,2000,"Rigshospitalet, Denmark",,Denmark,False,uncertain,Ambiguous: Requires manual review to confirm both criteria
NCT04093518,Estradiol as add-on to Antipsychotics,INTERVENTIONAL,UNKNOWN,2019-12-02,2019-09-18,100,Tangent Data,Estradiol; Placebo,Moldova,False,uncertain,Ambiguous: Requires manual review to confirm both criteria
NCT06239766,BC Risk Assessment Before Top Surgery,OBSERVATIONAL,COMPLETED,2023-03-15,2024-02-02,25,Medical College of Wisconsin,Breast Cancer Risk Assessment,United States,False,exclude,Explicit non-GAHT indication found: breast cancer
NCT03595956,Transgender Cohort Study of Gender Affirmation and HIV-related Health,OBSERVATIONAL,UNKNOWN,2019-02-11,2018-07-23,4500,Fenway Community Health,Medical gender affirmation,United States,False,uncertain,Ambiguous: Requires manual review to confirm both criteria
NCT05244694,Impact of Insulin on Sympathetic Nervous System-mediated Peripheral Vasoconstriction,INTERVENTIONAL,COMPLETED,2020-08-06,2022-02-17,28,University of Missouri-Columbia,Insulin,United States,False,uncertain,Ambiguous: Requires manual review to confirm both criteria
NCT04321551,Hormone Secretion in Transgender Males,INTERVENTIONAL,WITHDRAWN,2023-07-01,2020-03-25,0,"University of California, San Diego",Testosterone Cyp 200Mg/Ml Inj (in Oil); Letrozole,,False,include,Transgender population and GAHT intervention explicitly matched
NCT07746999,North Jersey Community Research Initiative (NJCRI) Study on Transgender Liver Health,OBSERVATIONAL,ENROLLING_BY_INVITATION,2025-03-15,2026-08-05,60,Corey DeStefano,,United States,False,uncertain,Ambiguous: Requires manual review to confirm both criteria
NCT05725967,Endoscopic Metabolic and Bariatric Therapies,OBSERVATIONAL,ENROLLING_BY_INVITATION,2022-07-08,2023-02-13,5000,"Christopher C. Thompson, MD, MSc","Primary Obesity Endoscopic Procedures; Endoscopic Revision of Bariatric Surgical Procedures; Bariatric Surgery Procedures; Endoscopic Sleeve Gastroplasty, Trans-oral Outlet Reduction; Intragastric Balloon; Primary obesity surgery endoluminal, Restorative obesity surgery endoluminal; Argon Plasma Coagulation, Gastroplasty with Endoscopic Myotomy, Bariatric Endoscopic Antral Myotomy, Pylorus Sparing Antral Myotomy; Aspiration Therapy",United States,False,uncertain,Ambiguous: Requires manual review to confirm both criteria
NCT03436992,Estrogen and Diabetes,INTERVENTIONAL,COMPLETED,2018-04-17,2018-02-19,143,Augusta University,Antioxidant Cocktail; Resveratrol; Placebo,United States,True,uncertain,Ambiguous: Requires manual review to confirm both criteria
NCT01653925,Molecular Mechanisms of Dutasteride and Dietary Interventions to Prevent Prostate Cancer and Reduce Its Progression,INTERVENTIONAL,ACTIVE_NOT_RECRUITING,2010-10-28,2012-07-31,120,CHU de Quebec-Universite Laval,Dietary intervention first; Drug (Dutasteride) intervention first,Canada,False,exclude,Explicit non-GAHT indication found: prostate cancer
NCT04515472,Effect of Gender Affirming Hormone Therapy on Glucose Metabolism,INTERVENTIONAL,TERMINATED,2020-06-17,2020-08-17,24,The University of Texas Health Science Center at San Antonio,Botnia Clamp; Withdrawal of Gender Affirming Hormone Therapy (GAHT),United States,False,include,Transgender population and GAHT intervention explicitly matched
NCT04237467,Effects of Aging and Gender-Affirming Hormone Therapy on Vascular Endothelial Function and Metabolic Profiles in Transgender Men,OBSERVATIONAL,COMPLETED,2020-01-29,2020-01-23,16,"University of Colorado, Denver",No intervention,United States,False,include,Transgender population and GAHT mentioned in title
NCT03191474,Linkage of Transgender Individuals to PrEP,INTERVENTIONAL,COMPLETED,2017-07-28,2017-06-19,202,"University of California, San Diego",T-POWr Intervention,United States,False,uncertain,Ambiguous: Requires manual review to confirm both criteria
NCT07755059,Proximal Splenic Artery Embolization (PSAE) for the Treatment of Refractory Ascites in Decompensated Cirrhosis,INTERVENTIONAL,NOT_YET_RECRUITING,2026-10-01,2026-08-10,60,Massachusetts General Hospital,Proximal Splenic Artery Embolization,United States,False,uncertain,Ambiguous: Requires manual review to confirm both criteria
NCT03484611,Prediction of Metaphase II Oocytes According to Different Levels of Serum AMH in Poor Responders Using the Antagonist Protocol,INTERVENTIONAL,UNKNOWN,2013-01,2018-04-02,179,Cairo University,GnRH antagonist; Gonadotropins; Human chorionic gonadotropin; Embryo transfer; Progesterone,Egypt,False,exclude,"Only GnRH mentioned, no explicit GAHT"
NCT06418347,Effect of ALA Combined With Letrozole on Polycystic Ovary Syndrome Clinical Outcome in Infertile Females,INTERVENTIONAL,UNKNOWN,2024-04-01,2024-05-17,150,Ain Shams University,Alpha lipoic acid; Letrozole,Egypt,False,uncertain,Ambiguous: Requires manual review to confirm both criteria
NCT04733144,Bioequivalence Study of Prednisolone and Dexamethasone,INTERVENTIONAL,UNKNOWN,2021-03-04,2021-02-01,24,University Medical Center Groningen,Prednisolone; Dexamethasone,Netherlands,False,uncertain,Ambiguous: Requires manual review to confirm both criteria
NCT02264743,Oral Verses Patch Trial In Menopausal Women - Individualisation of Oestrogen Therapy,INTERVENTIONAL,UNKNOWN,2013-11,2014-10-15,60,Royal Brompton & Harefield NHS Foundation Trust,Femoston Conti; EVOREL® CONTI,United Kingdom,False,uncertain,Ambiguous: Requires manual review to confirm both criteria
NCT00023543,Reduction of Triglycerides in Women on Hormone Replacement Therapy,INTERVENTIONAL,COMPLETED,2001-09,2001-09-07,508,University of Pittsburgh,"Diet, fat-restricted; Exercise",United States,False,exclude,Explicit non-GAHT indication found: menopause
NCT03989778,Vitamin D and Polycystic Ovarian Syndrome (PCOS),INTERVENTIONAL,RECRUITING,2023-02-01,2019-06-18,300,Aga Khan University,Vitamin D,Pakistan,False,uncertain,Ambiguous: Requires manual review to confirm both criteria
NCT03836027,Fertility Desires and Reproductive Needs of Transgender People,OBSERVATIONAL,COMPLETED,2019-04-11,2019-02-11,100,"Central Hospital, Nancy, France",No intervention,France,False,uncertain,Ambiguous: Requires manual review to confirm both criteria
NCT06710496,HISTOLOGICAL RESULTS IN TRANSGENDER INDIVIDUALS ASSIGNED TO FEMALES AT BIRTH UNDERGOING GENDER AFFIRMATION SURGERY AND IN TESTOSTERONE THERAPY,OBSERVATIONAL,NOT_YET_RECRUITING,2024-12,2024-11-29,100,IRCCS Azienda Ospedaliero-Universitaria di Bologna,analysis of medical records,Italy,False,include,Transgender population and GAHT mentioned in title
NCT04760691,Pre-Exposure Prophylaxis (PrEP)- Gender Affirming Hormone Therapy (GAHT) Interactions in TGW,INTERVENTIONAL,COMPLETED,2021-03-01,2021-02-18,13,Johns Hopkins University,Truvada alone; Truvada plus Leuprolide 11.25mg intramuscular injection; Truvada plus Estradiol 1 mg; Truvada plus Estradiol 6 mg; Estradiol 6 mg alone,United States,True,include,Transgender population and GAHT intervention explicitly matched
NCT07187947,Cardiovascular Health of Transgender Individuals During the Gender-affirming Pathway,OBSERVATIONAL,RECRUITING,2025-07-18,2025-09-23,500,IRCCS Azienda Ospedaliero-Universitaria di Bologna,Feminizing GAHT; Masculinizing GAHT,Italy,False,uncertain,Ambiguous: Requires manual review to confirm both criteria
NCT07148921,Perception of Pain During Gender Affirming Hormone Therapy,OBSERVATIONAL,RECRUITING,2024-12-01,2025-08-29,40,Medical University of Vienna,Quantitative Sensory Testing; Patient Health Questionnaire 9; Hormone concentrations,Austria,False,include,Transgender population and GAHT intervention explicitly matched
NCT02551367,Letrozole Versus Clomiphene Citrate for Ovulation Induction in Women With Poly Cystic Ovary Syndrome ( PCOS ),INTERVENTIONAL,UNKNOWN,2015-10,2015-09-16,110,mostafa gomaa hamid halawa,Letrozole; Clomiphene citrate; hcg hormone,,False,uncertain,Ambiguous: Requires manual review to confirm both criteria
NCT02381340,ACE Stapler Sub Study,OBSERVATIONAL,COMPLETED,2012-06,2015-03-06,10,Maastricht University Medical Center,ACE stapling procedure,Netherlands,False,uncertain,Ambiguous: Requires manual review to confirm both criteria
NCT04309760,Developmental Correlates and Hormone Therapy Effects in Gender Dysphoria,INTERVENTIONAL,WITHDRAWN,2021-02,2020-03-16,0,Hôpital le Vinatier,MRI,,False,include,Transgender population and GAHT mentioned in title
NCT05489159,Sleep and IR in Transgender Adolescents,OBSERVATIONAL,COMPLETED,2022-10-12,2022-08-05,10,Duke University,,United States,False,exclude,"Only GnRH mentioned, no explicit GAHT"
NCT01882985,"Docetaxel Plus Lycopene in Castration Resistant, Chemotherapy-Naïve Prostate Cancer Patients",INTERVENTIONAL,COMPLETED,2010-12,2013-06-21,14,"University of California, Irvine",Docetaxel; Lycopene,United States,True,exclude,Explicit non-GAHT indication found: prostate cancer
NCT01897324,IVF/ICSI Protocols in Poor Responders With Growth Hormone,INTERVENTIONAL,COMPLETED,2013-07,2013-07-11,287,"Woman's Health University Hospital, Egypt","Growth hormone (Norditropin, Novo nordisk)",Egypt,False,exclude,Explicit non-GAHT indication found: ivf
NCT00705796,Influence of Administration Route of Testosterone on Male Fertility,INTERVENTIONAL,WITHDRAWN,,2008-06-26,0,Acerus Pharmaceuticals Corporation,"MPP10, testosterone; Testosterone",Netherlands,False,exclude,Explicit non-GAHT indication found: hypogonadism
NCT02378246,Swedish Iodine in Pregnancy and Development in Children (SWIDDICH) Study,INTERVENTIONAL,ACTIVE_NOT_RECRUITING,2012-11,2015-03-04,1337,Göteborg University,Iodine; Placebo,Sweden,False,uncertain,Ambiguous: Requires manual review to confirm both criteria
NCT06573177,Optimizing Individual Health Care for Young People With Gender Incongruence,OBSERVATIONAL,RECRUITING,2022-01-01,2024-08-27,1300,"Rigshospitalet, Denmark",Referral to the gender identity service.,Denmark,False,uncertain,Ambiguous: Requires manual review to confirm both criteria
NCT04977765,Cardiometabolic Health in Transgender Males,OBSERVATIONAL,ACTIVE_NOT_RECRUITING,2021-09-30,2021-07-27,90,Medical College of Wisconsin,,United States,False,uncertain,Ambiguous: Requires manual review to confirm both criteria
NCT04600986,Repeated Doses of GnRH Agonist as Oocyte Triggering in Antagonist Protocol for Patients With Polycystic Ovary Syndrome,INTERVENTIONAL,COMPLETED,2020-05-30,2020-10-23,70,Royan Institute,Repeated dose of GnRH agonist,Iran,False,exclude,"Only GnRH mentioned, no explicit GAHT"
NCT05829018,Elucidating the High Cardiovascular Disease Risk in South Asians,INTERVENTIONAL,UNKNOWN,2023-04,2023-04-25,48,Leiden University Medical Center,Mixed meal test,Netherlands,False,uncertain,Ambiguous: Requires manual review to confirm both criteria
NCT04586348,Prenatal Iodine Supplementation and Early Childhood Neurodevelopment,INTERVENTIONAL,UNKNOWN,2021-01-18,2020-10-14,794,South Australian Health and Medical Research Institute,Low Iodine Supplement; Standard Iodine Supplement,Australia,False,uncertain,Ambiguous: Requires manual review to confirm both criteria
NCT06482385,Transmasculine Quality of Life and Sexual Function at Pre and Post Gender-affirming Hormonal Therapy,OBSERVATIONAL,COMPLETED,2022-09-15,2024-07-01,40,Chulalongkorn University,,Thailand,False,uncertain,Ambiguous: Requires manual review to confirm both criteria
NCT06436560,Support for Transgender and Non-Binary Individuals Seeking Vaginoplasty Study,INTERVENTIONAL,ENROLLING_BY_INVITATION,2024-12-10,2024-05-31,290,Oregon Health and Science University,STRIVE Peer Support Intervention,United States,False,uncertain,Ambiguous: Requires manual review to confirm both criteria
NCT01828320,"Triple Vulnerability? Circadian Tendency, Sleep Deprivation and Adolescence",INTERVENTIONAL,COMPLETED,2013-03,2013-04-10,176,"University of California, Berkeley","Cognitive Behavior Therapy for Insomnia, Interpersonal and Social Rhythms Therapy, Chronotherapy; Psychoeducation",United States,True,uncertain,Ambiguous: Requires manual review to confirm both criteria
NCT06816355,Exogenous Sex Hormones and PONV,OBSERVATIONAL,COMPLETED,2025-02-04,2025-02-10,7348,Riverside University Health System Medical Center,Orchiectomy; Hysterectomy; Augmentation mammoplasty,United States,False,include,Transgender population and GAHT mentioned in title
NCT05808387,The Effects of Resveratrol on Sirtuins and Apoptosis Biomarkers,INTERVENTIONAL,UNKNOWN,2023-03-06,2023-04-11,80,InCor Heart Institute,Resveratrol; Placebo,Brazil,False,exclude,Explicit non-GAHT indication found: menopause
NCT04071574,Comparative Study on the Efficacy of Ovarian Stimulation Protocols on the Success Rate of ICSI in Female Infertility,INTERVENTIONAL,COMPLETED,2018-02-01,2019-08-28,200,Lebanese University,Human Chorionic Gonadotropin (hCG); Gonadotropins; GNRH-A Triptorelin; GnRH antagonist,Lebanon,False,exclude,"Only GnRH mentioned, no explicit GAHT"
NCT02185274,Observational Study on Metabolism and Psychopathology in Transsexual Patients,OBSERVATIONAL,COMPLETED,2013-10,2014-07-09,100,Max-Planck-Institute of Psychiatry,,Germany,False,uncertain,Ambiguous: Requires manual review to confirm both criteria
NCT05318755,China Gender-affirming Hormone Therapy Study,OBSERVATIONAL,RECRUITING,2022-04-16,2022-04-08,240,Peking University Third Hospital,GAHT for transgender men; GAHT for transgender women,China,False,include,Transgender population and GAHT mentioned in title
NCT03620734,Study to Determine Interaction Between the Use of Feminizing Hormone Therapy and Antiretroviral Agents Concomitantly Among Transgender Women,OBSERVATIONAL,COMPLETED,2017-11-30,2018-08-08,40,Thai Red Cross AIDS Research Centre,,Thailand,False,include,Transgender population and GAHT mentioned in title
NCT03572387,A Pilot Study of 5-AZA and ATRA for Prostate Cancer With PSA-only Recurrence After Local Treatment,INTERVENTIONAL,COMPLETED,2018-08-20,2018-06-28,14,Icahn School of Medicine at Mount Sinai,5-Azacitidine; all trans retinoic acid; Lupron,United States,True,exclude,Explicit non-GAHT indication found: prostate cancer
NCT06450405,Androgen Effects on the Reproductive Neuroendocrine Axis,INTERVENTIONAL,TERMINATED,2025-02-26,2024-06-10,2,"University of California, San Diego",Testosterone Cypionate 50 MG/ML Injectable Solution,United States,True,include,Transgender population and GAHT intervention explicitly matched
NCT05649605,Early Mental Response - The EMRE Study,INTERVENTIONAL,RECRUITING,2023-03-07,2022-12-14,70,Karolinska University Hospital,Testosterone treatment; Placebo treatment,Sweden,False,include,Transgender population and GAHT intervention explicitly matched
NCT06515834,"Investigating the Safety, Tolerability, Immunogenicity and Pharmacokinetics of Olamkicept in Healthy Japanese Persons",INTERVENTIONAL,COMPLETED,2024-07-01,2024-07-23,24,Ferring Pharmaceuticals,FE 999301; Placebo,Japan,False,uncertain,Ambiguous: Requires manual review to confirm both criteria
NCT07417787,Point of Care Tests in the Management of Very Early Medical Abortion,OBSERVATIONAL,RECRUITING,2026-04-23,2026-02-18,130,University of Edinburgh,Blood test; Participant Questionnaire,Sweden; United Kingdom,False,uncertain,Ambiguous: Requires manual review to confirm both criteria
NCT03876145,The Four Methods of Ovarian Stimulation in Patients With Polycystic Ovarian Syndrome,INTERVENTIONAL,COMPLETED,2016-11-12,2019-03-15,120,Royan Institute,Minimal ovarian stimulation,Iran,False,uncertain,Ambiguous: Requires manual review to confirm both criteria
NCT02524041,Association Between Serum Periostin Levels and Cortical Porosity in Patients With Secondary Hyperparathyroidism,INTERVENTIONAL,COMPLETED,2014-03,2015-08-14,22,Centre Hospitalier Universitaire de Saint Etienne,HR-pQCT; blood specimen,France,False,uncertain,Ambiguous: Requires manual review to confirm both criteria
NCT05891795,Clascoterone for Steroid-related Acne Vulgaris in Transgender Male Patients Receiving Masculinizing Hormone Therapy,INTERVENTIONAL,ACTIVE_NOT_RECRUITING,2024-07-22,2023-06-07,18,Stanford University,Clascoterone 1% Top Cream; Vehicle,United States,False,include,Transgender population and GAHT mentioned in title
NCT04608695,Ovarian Needle Puncture for Follicle Activation in IVF Patients With Diminished Ovarian Reserve,INTERVENTIONAL,UNKNOWN,2020-07-01,2020-10-29,34,Hacettepe University,Ovarian puncture,Turkey (Türkiye),False,exclude,Explicit non-GAHT indication found: ivf
NCT00866554,Efficacy and Toxicity of Bicalutamide and Dutasteride vs. Standard Care for Prostate Cytoreduction for Brachytherapy,INTERVENTIONAL,COMPLETED,2009-03,2009-03-20,60,CHU de Quebec-Universite Laval,"administration of a LHRH agonist and Bicalutamide; administration of Bicalutamide, Dutasteride and Tamoxifen",Canada,False,exclude,Explicit non-GAHT indication found: prostate cancer
NCT06733415,Changes in Energy Expenditure (EE) in Transsexuals Undergoing Hormonal Therapy,OBSERVATIONAL,ENROLLING_BY_INVITATION,2024-01-03,2024-12-13,40,Tel-Aviv Sourasky Medical Center,,Israel,False,uncertain,Ambiguous: Requires manual review to confirm both criteria
