nct_id,brief_title,flash_triage,criterion_1_flash,criterion_2_flash,criterion_1_sol,criterion_2_sol,sol_audit,sol_reason,flash_sol_agreement,priority_for_human_review,human_decision_existing
NCT00023543,Reduction of Triglycerides in Women on Hormone Replacement Therapy,obvious_exclude,no,no,no,no,agree_obvious_exclude,The preserved registry context describes a non-TGD population and a non-GAHT indication; neither protocol criterion is supported.,agree,low,exclude
NCT00082082,A Trial of Thymalfasin in Adult Patients With Hepatocellular Carcinoma,obvious_exclude,no,no,no,no,agree_obvious_exclude,The preserved registry context describes a non-TGD population and a non-GAHT indication; neither protocol criterion is supported.,agree,low,exclude
NCT00146146,Testosterone and Its Metabolites in GID,likely_include,yes,yes,yes,yes,agree_likely_include,"The preserved registry context explicitly includes a TGD population and gives GAHT an intervention, exposure, comparison, monitoring, pharmacologic, or analytic role.",agree,low,include
NCT00188708,Effect of Casodex on Tumour Hypoxia - Prostate Cancer,obvious_exclude,no,no,no,no,agree_obvious_exclude,The preserved registry context describes a non-TGD population and a non-GAHT indication; neither protocol criterion is supported.,agree,low,exclude
NCT00450749,Lycopene in Treating Patients Undergoing Radical Prostatectomy for Prostate Cancer,obvious_exclude,no,no,no,no,agree_obvious_exclude,The preserved registry context describes a non-TGD population and a non-GAHT indication; neither protocol criterion is supported.,agree,low,exclude
NCT00544882,A Study to Evaluate Hormone Patterns and Ovarian Follicular Activity With DR-1021,obvious_exclude,no,no,no,no,agree_obvious_exclude,The preserved registry context describes a non-TGD population and a non-GAHT indication; neither protocol criterion is supported.,agree,low,exclude
NCT00608400,Effect of Dietary Conjugated Linoleic Acid (CLA) on Parathyroid Hormone in Men,obvious_exclude,no,no,no,no,agree_obvious_exclude,The preserved registry context describes a non-TGD population and a non-GAHT indication; neither protocol criterion is supported.,agree,low,exclude
NCT00962637,Study to Evaluate the Safety and Efficacy of Androxal™ Treatment in Men With Secondary Hypogonadism,obvious_exclude,no,no,no,no,agree_obvious_exclude,The preserved registry context describes a non-TGD population and a non-GAHT indication; neither protocol criterion is supported.,agree,low,
NCT01065220,Sex Steroids and the Serotonin Transporter,likely_include,yes,yes,yes,yes,agree_likely_include,"The preserved registry context explicitly includes a TGD population and gives GAHT an intervention, exposure, comparison, monitoring, pharmacologic, or analytic role.",agree,normal,
NCT01072825,A European Network for the Investigation of Gender Incongruence,likely_include,yes,yes,yes,yes,agree_likely_include,"The preserved registry context explicitly includes a TGD population and gives GAHT an intervention, exposure, comparison, monitoring, pharmacologic, or analytic role.",agree,normal,
NCT01292785,"Effects of Sex Steroid Hormones on Human Brain Function, Structure and Connectivity",likely_include,yes,yes,yes,yes,agree_likely_include,"The preserved registry context explicitly includes a TGD population and gives GAHT an intervention, exposure, comparison, monitoring, pharmacologic, or analytic role.",agree,normal,
NCT01662466,Effect of Testosterone Treatment on Embryo Quality,obvious_exclude,no,no,no,no,agree_obvious_exclude,The preserved registry context describes a non-TGD population and a non-GAHT indication; neither protocol criterion is supported.,agree,low,
NCT01880489,Multicomponent Intervention to Reduce Sexual Risk and Substance Use,human_review,yes,unclear,yes,no,likely_exclude,"The registry explicitly includes a TGD population, but its preserved summary, interventions, eligibility, and outcomes give GAHT no research role; any hormone reference is absent or background.",disagree,high,
NCT02060474,Thyroid Hormone Analog Therapy in MCT8 Deficiency: Triac Trial Patients,obvious_exclude,no,no,no,no,agree_obvious_exclude,The preserved registry context describes a non-TGD population and a non-GAHT indication; neither protocol criterion is supported.,agree,low,
NCT02119377,First Australian National Trans Mental Health Study,human_review,yes,unclear,yes,yes,likely_include,"Hormone-therapy use, desire, and uptake are explicit survey outcomes in a TGD population.",disagree,high,
NCT02185274,Observational Study on Metabolism and Psychopathology in Transsexual Patients,likely_include,yes,yes,yes,yes,agree_likely_include,"The preserved registry context explicitly includes a TGD population and gives GAHT an intervention, exposure, comparison, monitoring, pharmacologic, or analytic role.",agree,normal,
NCT02229617,Subcutaneous Testosterone Project,likely_include,yes,yes,yes,yes,agree_likely_include,"The preserved registry context explicitly includes a TGD population and gives GAHT an intervention, exposure, comparison, monitoring, pharmacologic, or analytic role.",agree,normal,
NCT02381821,Endometrial Volume and Sub-endometrial Vascularity as Predictors of In-vitro Fertilization Success,obvious_exclude,no,no,no,no,agree_obvious_exclude,The preserved registry context describes a non-TGD population and a non-GAHT indication; neither protocol criterion is supported.,agree,low,
NCT02434562,Development and Validation of in Vitro Cell-based Bioassays for Nuclear Receptor Activation,human_review,yes,unclear,no,no,likely_exclude,The biobank record describes generic androgen/estrogen bioassays and does not explicitly include a TGD population; GAHT is not a research variable.,disagree,high,
NCT02518009,GEnder Dysphoria Treatment in Sweden,likely_include,yes,yes,yes,yes,agree_likely_include,"The preserved registry context explicitly includes a TGD population and gives GAHT an intervention, exposure, comparison, monitoring, pharmacologic, or analytic role.",agree,normal,
NCT02550431,Trans Health: Evaluation of Markers of Cardio-metabolic Health and Well-being in Transgender Youth,likely_include,yes,yes,yes,yes,agree_likely_include,"The preserved registry context explicitly includes a TGD population and gives GAHT an intervention, exposure, comparison, monitoring, pharmacologic, or analytic role.",agree,normal,
NCT02551367,Letrozole Versus Clomiphene Citrate for Ovulation Induction in Women With Poly Cystic Ovary Syndrome ( PCOS ),obvious_exclude,no,no,no,no,agree_obvious_exclude,The preserved registry context describes a non-TGD population and a non-GAHT indication; neither protocol criterion is supported.,agree,low,
NCT02715232,Effects of Sex Steroids on the Serotonin System,likely_include,yes,yes,yes,yes,agree_likely_include,"The preserved registry context explicitly includes a TGD population and gives GAHT an intervention, exposure, comparison, monitoring, pharmacologic, or analytic role.",agree,normal,
NCT02741154,Role of Aromatase Inhibitor to Enhance Ovulation in Poor Responder During Induction With Short Antagonist Protocol in Cases of ICSI,obvious_exclude,no,no,no,no,agree_obvious_exclude,The preserved registry context describes a non-TGD population and a non-GAHT indication; neither protocol criterion is supported.,agree,low,
NCT02766803,Effects of Simvastatin and Micronized Trans-resveratrol Treatment on Polycystic Ovary Syndrome (PCOS) Patients,obvious_exclude,no,no,no,no,agree_obvious_exclude,The preserved registry context describes a non-TGD population and a non-GAHT indication; neither protocol criterion is supported.,agree,low,
NCT02983110,Sex Hormone Therapy and Mucosal Tissues,likely_include,yes,yes,yes,yes,agree_likely_include,"The preserved registry context explicitly includes a TGD population and gives GAHT an intervention, exposure, comparison, monitoring, pharmacologic, or analytic role.",agree,normal,
NCT02985996,Body Compartment PK for New HIV Pre-exposure Prophylaxis Modalities,human_review,yes,unclear,yes,no,likely_exclude,"The registry explicitly includes a TGD population, but its preserved summary, interventions, eligibility, and outcomes give GAHT no research role; any hormone reference is absent or background.",disagree,high,
NCT03060785,Finding the Right Tenofovir/Emtricitabine Regimen for Pre-Exposure Prophylaxis (PrEP) in Transgender Women,human_review,yes,unclear,yes,yes,likely_include,PrEP pharmacokinetics are compared in transgender women using feminizing hormones and cisgender men not using hormones.,disagree,high,
NCT03078829,The Relation of GnRH Treatment to QTc Interval in Transgender Females,human_review,yes,unclear,yes,no,likely_exclude,The TGD study evaluates puberty suppression only and states no explicit estradiol or testosterone GAHT component.,disagree,high,
NCT03081559,Improving Engagement in HIV Care for High-risk Women,human_review,yes,unclear,yes,no,likely_exclude,"The registry explicitly includes a TGD population, but its preserved summary, interventions, eligibility, and outcomes give GAHT no research role; any hormone reference is absent or background.",disagree,high,
NCT03120936,The Stay Study: A Demonstration Project Advancing PrEP Delivery in the San Francisco Bay Area Transgender Community,human_review,yes,unclear,yes,yes,likely_include,The registry explicitly measures effects of PrEP on hormone concentrations and effects of hormone status on PrEP pharmacology.,disagree,high,
NCT03191474,Linkage of Transgender Individuals to PrEP,human_review,yes,unclear,yes,no,likely_exclude,"The registry explicitly includes a TGD population, but its preserved summary, interventions, eligibility, and outcomes give GAHT no research role; any hormone reference is absent or background.",disagree,high,
NCT03220152,Implementation of PrEP to HIV in Brazilian Transgender Women,human_review,yes,unclear,yes,yes,likely_include,FTC/TDF pharmacokinetics are explicitly compared between transgender participants using and not using hormones.,disagree,high,
NCT03230084,Use of a Home-based PDG Urine Test to Confirm Ovulation,obvious_exclude,no,no,no,no,agree_obvious_exclude,The preserved registry context describes a non-TGD population and a non-GAHT indication; neither protocol criterion is supported.,agree,low,
NCT03270969,A Pharmacokinetic Evaluation of Tenofovir/Emtricitabine as HIV Pre-Exposure Prophylaxis in Transgender Women,likely_include,yes,yes,yes,yes,agree_likely_include,"The preserved registry context explicitly includes a TGD population and gives GAHT an intervention, exposure, comparison, monitoring, pharmacologic, or analytic role.",agree,normal,
NCT03293771,Transgender Post-reassignment Urogynecologic Measures and Perceptions,human_review,yes,unclear,yes,yes,likely_include,Postoperative symptoms are explicitly analyzed by hormone-therapy use in the TGD study population.,disagree,high,
NCT03465852,HIV Prevention Among Latina Transgender Women Who Have Sex With Men: Evaluation of a Locally Developed Intervention,human_review,yes,unclear,yes,yes,likely_include,The intervention promotes medically supervised hormone therapy and hormone-therapy uptake is an explicit outcome.,disagree,high,
NCT03516747,Preoperational Fine Needle Aspiration of Pathological Parathyroid Gland,obvious_exclude,no,no,no,no,agree_obvious_exclude,The preserved registry context describes a non-TGD population and a non-GAHT indication; neither protocol criterion is supported.,agree,low,
NCT03528135,Project PRIDE (Promoting Resilience In Discriminatory Environments),obvious_exclude,no,no,no,no,agree_obvious_exclude,The preserved registry context describes a non-TGD population and a non-GAHT indication; neither protocol criterion is supported.,agree,low,
NCT03557268,Pubertal Blockade and Hormone Therapy in Transgender Youth,likely_include,yes,yes,yes,yes,agree_likely_include,"The preserved registry context explicitly includes a TGD population and gives GAHT an intervention, exposure, comparison, monitoring, pharmacologic, or analytic role.",agree,normal,
NCT03593317,Blockade of the Renin-angiotensin-aldosterone System in Patients With ARVD,obvious_exclude,no,no,no,no,agree_obvious_exclude,The preserved registry context describes a non-TGD population and a non-GAHT indication; neither protocol criterion is supported.,agree,low,
NCT03595956,Transgender Cohort Study of Gender Affirmation and HIV-related Health,human_review,yes,unclear,yes,yes,likely_include,"Medical gender affirmation, defined to include hormones and/or surgery versus neither, is an explicit exposure linked to HIV outcomes.",disagree,high,
NCT03602222,An LGBT-Competency Program for Mental Health Professionals in Romania,human_review,yes,unclear,yes,no,likely_exclude,"The registry explicitly includes a TGD population, but its preserved summary, interventions, eligibility, and outcomes give GAHT no research role; any hormone reference is absent or background.",disagree,high,
NCT03620734,Study to Determine Interaction Between the Use of Feminizing Hormone Therapy and Antiretroviral Agents Concomitantly Among Transgender Women,likely_include,yes,yes,yes,yes,agree_likely_include,"The preserved registry context explicitly includes a TGD population and gives GAHT an intervention, exposure, comparison, monitoring, pharmacologic, or analytic role.",agree,normal,
NCT03637920,Sexuality in Transmen During Hormone and Operative Treatment,likely_include,yes,yes,yes,yes,agree_likely_include,"The preserved registry context explicitly includes a TGD population and gives GAHT an intervention, exposure, comparison, monitoring, pharmacologic, or analytic role.",agree,normal,
NCT03643120,Gender Dysphoria Among Adolescents (Norwegian Title: Kjønnsdysfori Blant Ungdom),human_review,yes,no,yes,no,likely_exclude,"The registry explicitly includes a TGD population, but its preserved summary, interventions, eligibility, and outcomes give GAHT no research role; any hormone reference is absent or background.",disagree,high,
NCT03651427,Cross-sex Hormone Therapy and Neuronal Plasticity,likely_include,yes,yes,yes,yes,agree_likely_include,"The preserved registry context explicitly includes a TGD population and gives GAHT an intervention, exposure, comparison, monitoring, pharmacologic, or analytic role.",agree,normal,
NCT03652623,"Transgender Youth and PrEP: PK, Safety, Uptake & Adherence - PK Study",likely_include,yes,yes,yes,yes,agree_likely_include,"The preserved registry context explicitly includes a TGD population and gives GAHT an intervention, exposure, comparison, monitoring, pharmacologic, or analytic role.",agree,normal,
NCT03725280,Micro RNA Profile in the Ovarian Follicle Fluid of Transgender Men,likely_include,yes,yes,yes,yes,agree_likely_include,"The preserved registry context explicitly includes a TGD population and gives GAHT an intervention, exposure, comparison, monitoring, pharmacologic, or analytic role.",agree,normal,
NCT03757117,Gender-Affirmative Transgender Care to Improve the HIV Treatment Cascade,likely_include,yes,yes,yes,yes,agree_likely_include,"The preserved registry context explicitly includes a TGD population and gives GAHT an intervention, exposure, comparison, monitoring, pharmacologic, or analytic role.",agree,normal,
NCT03789331,Anogenital Distance Differences Between Transgender Males and Female Individuals,human_review,yes,unclear,yes,no,likely_exclude,"The registry explicitly includes a TGD population, but its preserved summary, interventions, eligibility, and outcomes give GAHT no research role; any hormone reference is absent or background.",disagree,high,
NCT03836027,Fertility Desires and Reproductive Needs of Transgender People,likely_include,yes,yes,yes,no,likely_exclude,"The fertility survey measures fertility desires and knowledge; GAHT appears only as clinical context, not an intervention, exposure, comparison, monitoring target, or analyzed variable.",disagree,high,
NCT03864913,Comparing Subcutaneous Testosterone to Intramuscular Testosterone in Gender Affirming Care of Transgender Male Adolescents,likely_include,yes,yes,yes,yes,agree_likely_include,"The preserved registry context explicitly includes a TGD population and gives GAHT an intervention, exposure, comparison, monitoring, pharmacologic, or analytic role.",agree,normal,
NCT03872648,TransCare - Genital Surgery for Trans Women in Centralized vs. Decentralized Health Care Delivery Settings,human_review,yes,unclear,yes,no,likely_exclude,"The registry explicitly includes a TGD population, but its preserved summary, interventions, eligibility, and outcomes give GAHT no research role; any hormone reference is absent or background.",disagree,high,
NCT03899896,Voice Feminisation in Transgender Women,human_review,yes,unclear,yes,no,likely_exclude,"The registry explicitly includes a TGD population, but its preserved summary, interventions, eligibility, and outcomes give GAHT no research role; any hormone reference is absent or background.",disagree,high,
NCT04028219,Transgender In Transition,likely_include,yes,yes,yes,yes,agree_likely_include,"The preserved registry context explicitly includes a TGD population and gives GAHT an intervention, exposure, comparison, monitoring, pharmacologic, or analytic role.",agree,normal,
NCT04036500,Transgender Estradiol,likely_include,yes,yes,yes,yes,agree_likely_include,"The preserved registry context explicitly includes a TGD population and gives GAHT an intervention, exposure, comparison, monitoring, pharmacologic, or analytic role.",agree,normal,
NCT04050371,Study of Truvada for HIV Pre Exposure Prophylaxis Using Daily Directly Observed Therapy to Look at Potential Interactions Between Truvada and Hormone Therapy,likely_include,yes,yes,yes,yes,agree_likely_include,"The preserved registry context explicitly includes a TGD population and gives GAHT an intervention, exposure, comparison, monitoring, pharmacologic, or analytic role.",agree,normal,
NCT04064671,ZEPHYR: A Study Evaluating Surgical Outcome After Implantation of the Zephyr ZSI 475 FTM Inflatable Penile Implant in the Neophallus After Female-to-male Sex Reassignment Surgery,human_review,yes,unclear,yes,no,likely_exclude,"The registry explicitly includes a TGD population, but its preserved summary, interventions, eligibility, and outcomes give GAHT no research role; any hormone reference is absent or background.",disagree,high,
NCT04066283,Effects of Aging and Gender-Affirming Hormone Therapy on Vascular Endothelial Function and Metabolic Profiles in Transgender Women,likely_include,yes,yes,yes,yes,agree_likely_include,"The preserved registry context explicitly includes a TGD population and gives GAHT an intervention, exposure, comparison, monitoring, pharmacologic, or analytic role.",agree,normal,
NCT04077138,"Transgender Youth and PrEP: PK, Safety, Uptake & Adherence - Intervention Development",likely_include,yes,yes,yes,unclear,downgrade_human_review,The registry describes qualitative PrEP-intervention development and points to a separate project's GAHT/PrEP pharmacokinetic phase; it is unclear whether GAHT is analyzed in this record.,disagree,high,
NCT04077151,"Transgender Youth and PrEP: PK, Safety, Uptake & Adherence - Demonstration Project",likely_include,yes,yes,yes,no,likely_exclude,"The PrEP demonstration project requires stable cross-sex hormones only as eligibility/background and analyzes PrEP acceptability and adherence, not GAHT.",disagree,high,
NCT04096053,Transgender Education for Affirmative and Competent HIV and Healthcare,human_review,yes,unclear,yes,no,likely_exclude,"The registry explicitly includes a TGD population, but its preserved summary, interventions, eligibility, and outcomes give GAHT no research role; any hormone reference is absent or background.",disagree,high,
NCT04107480,PRolaCT - Three Prolactinoma RCTs,obvious_exclude,no,no,no,no,agree_obvious_exclude,The preserved registry context describes a non-TGD population and a non-GAHT indication; neither protocol criterion is supported.,agree,low,
NCT04128488,Effects of Gender-Affirming Hormone Therapy Among Transgender Women,likely_include,yes,yes,yes,yes,agree_likely_include,"The preserved registry context explicitly includes a TGD population and gives GAHT an intervention, exposure, comparison, monitoring, pharmacologic, or analytic role.",agree,normal,
NCT04160364,Gender Dysphoria in Children and Adolescents : Parents' Perspectives,human_review,yes,unclear,yes,no,likely_exclude,"The registry explicitly includes a TGD population, but its preserved summary, interventions, eligibility, and outcomes give GAHT no research role; any hormone reference is absent or background.",disagree,high,
NCT04195659,Chest Dysphoria in Transmasculine Spectrum Adolescents,human_review,yes,unclear,yes,no,likely_exclude,"The registry explicitly includes a TGD population, but its preserved summary, interventions, eligibility, and outcomes give GAHT no research role; any hormone reference is absent or background.",disagree,high,
NCT04203381,Skeletal Health and Bone Marrow Composition Among Youth,likely_include,yes,yes,yes,yes,agree_likely_include,"The preserved registry context explicitly includes a TGD population and gives GAHT an intervention, exposure, comparison, monitoring, pharmacologic, or analytic role.",agree,normal,
NCT04217707,Transgender Therapeutic Support Groups,human_review,yes,unclear,yes,no,likely_exclude,"The registry explicitly includes a TGD population, but its preserved summary, interventions, eligibility, and outcomes give GAHT no research role; any hormone reference is absent or background.",disagree,high,
NCT04237467,Effects of Aging and Gender-Affirming Hormone Therapy on Vascular Endothelial Function and Metabolic Profiles in Transgender Men,likely_include,yes,yes,yes,yes,agree_likely_include,"The preserved registry context explicitly includes a TGD population and gives GAHT an intervention, exposure, comparison, monitoring, pharmacologic, or analytic role.",agree,normal,
NCT04254354,"Transgender Men, Non-binary Persons and Testosterone Treatment BODY IDENTITY CLINIC",likely_include,yes,yes,yes,yes,agree_likely_include,"The preserved registry context explicitly includes a TGD population and gives GAHT an intervention, exposure, comparison, monitoring, pharmacologic, or analytic role.",agree,normal,
NCT04265885,Gender Dysphoria and Transition,human_review,yes,unclear,yes,no,likely_exclude,"The registry explicitly includes a TGD population, but its preserved summary, interventions, eligibility, and outcomes give GAHT no research role; any hormone reference is absent or background.",disagree,high,
NCT04283656,Evaluating Drug Interactions Between Doravirine With Estradiol and Spironolactone in Healthy Transgender Women,likely_include,yes,yes,yes,yes,agree_likely_include,"The preserved registry context explicitly includes a TGD population and gives GAHT an intervention, exposure, comparison, monitoring, pharmacologic, or analytic role.",agree,normal,
NCT04290286,"i2TransHealth: Interdisciplinary, Internet-based Trans Health Care",human_review,yes,unclear,yes,no,likely_exclude,"The registry explicitly includes a TGD population, but its preserved summary, interventions, eligibility, and outcomes give GAHT no research role; any hormone reference is absent or background.",disagree,high,
NCT04309760,Developmental Correlates and Hormone Therapy Effects in Gender Dysphoria,likely_include,yes,yes,yes,yes,agree_likely_include,"The preserved registry context explicitly includes a TGD population and gives GAHT an intervention, exposure, comparison, monitoring, pharmacologic, or analytic role.",agree,normal,
NCT04321551,Hormone Secretion in Transgender Males,likely_include,yes,yes,yes,yes,agree_likely_include,"The preserved registry context explicitly includes a TGD population and gives GAHT an intervention, exposure, comparison, monitoring, pharmacologic, or analytic role.",agree,normal,
NCT04336891,Effect of Testosterone Treatment on Clitoral Arteries' Hemodynamic Parameters.,likely_include,yes,yes,yes,yes,agree_likely_include,"The preserved registry context explicitly includes a TGD population and gives GAHT an intervention, exposure, comparison, monitoring, pharmacologic, or analytic role.",agree,normal,
NCT04374708,Gender Identity and Own Body Perception,likely_include,yes,yes,yes,yes,agree_likely_include,"The preserved registry context explicitly includes a TGD population and gives GAHT an intervention, exposure, comparison, monitoring, pharmacologic, or analytic role.",agree,normal,
NCT04378439,Appalachian Partnership to Reduce Disparities (Aim 2),human_review,yes,unclear,yes,no,likely_exclude,"The registry explicitly includes a TGD population, but its preserved summary, interventions, eligibility, and outcomes give GAHT no research role; any hormone reference is absent or background.",disagree,high,
NCT04440722,Prospective Observational Study and Biobank CKIO,likely_include,yes,yes,yes,yes,agree_likely_include,"The preserved registry context explicitly includes a TGD population and gives GAHT an intervention, exposure, comparison, monitoring, pharmacologic, or analytic role.",agree,normal,
NCT04448418,The Impact of COVID-19 Outbreak on Trans-population's Health in Italy,human_review,yes,unclear,yes,yes,likely_include,Satisfaction with telemedicine monitoring of hormone treatment is an explicit study outcome.,disagree,high,
NCT04474366,The Effect of Pectoral Blocks on Perioperative Pain in Gender Affirmation Top Surgery,human_review,yes,unclear,yes,no,likely_exclude,"The registry explicitly includes a TGD population, but its preserved summary, interventions, eligibility, and outcomes give GAHT no research role; any hormone reference is absent or background.",disagree,high,
NCT04478214,The Strategic Use of Hyaluronic Acid Fillers and Neurotoxin to Influence Gender Perception in Transgender Individuals,human_review,yes,unclear,yes,no,likely_exclude,"The registry explicitly includes a TGD population, but its preserved summary, interventions, eligibility, and outcomes give GAHT no research role; any hormone reference is absent or background.",disagree,high,
NCT04478760,Trans & Non-binary Reference Intervals While on Hormone Therapy Study,likely_include,yes,yes,yes,yes,agree_likely_include,"The preserved registry context explicitly includes a TGD population and gives GAHT an intervention, exposure, comparison, monitoring, pharmacologic, or analytic role.",agree,normal,
NCT04482374,Puberty Suppression and Cardiometabolic Health,human_review,yes,no,yes,no,likely_exclude,The registry studies GnRH puberty suppression without an explicit estradiol or testosterone GAHT component.,disagree,high,
NCT04482920,Effect of Hormone Therapy on Renal Function,likely_include,yes,yes,yes,yes,agree_likely_include,"The preserved registry context explicitly includes a TGD population and gives GAHT an intervention, exposure, comparison, monitoring, pharmacologic, or analytic role.",agree,normal,
NCT04491422,Same-Day PrEP Initiation and Sexual Health for Transgender Women,human_review,yes,unclear,yes,yes,likely_include,The registry explicitly studies how feminizing hormone therapy influences PrEP use and adherence.,disagree,high,
NCT04508231,Metabolic Consequences of Cross-sex Hormonal Treatment,likely_include,yes,yes,yes,yes,agree_likely_include,"The preserved registry context explicitly includes a TGD population and gives GAHT an intervention, exposure, comparison, monitoring, pharmacologic, or analytic role.",agree,normal,
NCT04515472,Effect of Gender Affirming Hormone Therapy on Glucose Metabolism,likely_include,yes,yes,yes,yes,agree_likely_include,"The preserved registry context explicitly includes a TGD population and gives GAHT an intervention, exposure, comparison, monitoring, pharmacologic, or analytic role.",agree,normal,
NCT04524325,Mechanisms of Blood Pressure Dysfunction in Transmen Receiving Testosterone,likely_include,yes,yes,yes,yes,agree_likely_include,"The preserved registry context explicitly includes a TGD population and gives GAHT an intervention, exposure, comparison, monitoring, pharmacologic, or analytic role.",agree,normal,
NCT04531943,Feminizing Hormone Therapy and the Rectal Mucosa Immune Environment in Transgender Women,likely_include,yes,yes,yes,yes,agree_likely_include,"The preserved registry context explicitly includes a TGD population and gives GAHT an intervention, exposure, comparison, monitoring, pharmacologic, or analytic role.",agree,normal,
NCT04534881,Effect of Progesterone on Testosterone Concentrations and Breast Development in Transwomen,likely_include,yes,yes,yes,yes,agree_likely_include,"The preserved registry context explicitly includes a TGD population and gives GAHT an intervention, exposure, comparison, monitoring, pharmacologic, or analytic role.",agree,normal,
NCT04551144,"Effect of Transgender Therapy on Muscle, Fat and Tissue Receptors",likely_include,yes,yes,yes,yes,agree_likely_include,"The preserved registry context explicitly includes a TGD population and gives GAHT an intervention, exposure, comparison, monitoring, pharmacologic, or analytic role.",agree,normal,
NCT04554849,Demographic Characteristics and Psychosocial Health of Transgender People,human_review,yes,unclear,yes,no,likely_exclude,"The registry explicitly includes a TGD population, but its preserved summary, interventions, eligibility, and outcomes give GAHT no research role; any hormone reference is absent or background.",disagree,high,
NCT04573127,Gender Dysphoria: Epidemiological Data,human_review,yes,unclear,yes,no,likely_exclude,"The registry explicitly includes a TGD population, but its preserved summary, interventions, eligibility, and outcomes give GAHT no research role; any hormone reference is absent or background.",disagree,high,
NCT04586348,Prenatal Iodine Supplementation and Early Childhood Neurodevelopment,obvious_exclude,no,no,no,no,agree_obvious_exclude,The preserved registry context describes a non-TGD population and a non-GAHT indication; neither protocol criterion is supported.,agree,low,
NCT04590417,Assessment of Drug-drug Interactions Between Feminizing Hormone Therapy and Emtricitabine/Tenofovir Alafenamide Concomitantly for Pre-exposure Prophylaxis Among Transgender Women,likely_include,yes,yes,yes,yes,agree_likely_include,"The preserved registry context explicitly includes a TGD population and gives GAHT an intervention, exposure, comparison, monitoring, pharmacologic, or analytic role.",agree,normal,
NCT04593680,Assessment of Drug-drug Interactions Between Masculinizing Hormone Therapy and Antiretroviral Agents Concomitantly for Pre-exposure Prophylaxis Among Transgender Men,likely_include,yes,yes,yes,yes,agree_likely_include,"The preserved registry context explicitly includes a TGD population and gives GAHT an intervention, exposure, comparison, monitoring, pharmacologic, or analytic role.",agree,normal,
NCT04596592,Pubertal Blockade and Estradiol Effects on Cardiometabolic Health for Transitioning Youth,likely_include,yes,yes,yes,yes,agree_likely_include,"The preserved registry context explicitly includes a TGD population and gives GAHT an intervention, exposure, comparison, monitoring, pharmacologic, or analytic role.",agree,normal,
NCT04616963,Emtricitabine/Tenofovir Alafenamide Switch Study for Transgender Individuals for HIV Pre-exposure Prophylaxis,likely_include,yes,yes,yes,yes,agree_likely_include,"The preserved registry context explicitly includes a TGD population and gives GAHT an intervention, exposure, comparison, monitoring, pharmacologic, or analytic role.",agree,normal,
NCT04708600,Effectiveness of Speech Therapy in Trans Women.,human_review,yes,unclear,yes,no,likely_exclude,"The registry explicitly includes a TGD population, but its preserved summary, interventions, eligibility, and outcomes give GAHT no research role; any hormone reference is absent or background.",disagree,high,
NCT04736797,Transition in Transgender,likely_include,yes,yes,yes,yes,agree_likely_include,"The preserved registry context explicitly includes a TGD population and gives GAHT an intervention, exposure, comparison, monitoring, pharmacologic, or analytic role.",agree,normal,
NCT04742491,Pre-Exposure Prophylaxis for Transgender Women in the US and South America,likely_include,yes,yes,yes,yes,agree_likely_include,"The preserved registry context explicitly includes a TGD population and gives GAHT an intervention, exposure, comparison, monitoring, pharmacologic, or analytic role.",agree,normal,
NCT04742816,Renal Effects of Hormones/Biomarkers in Transgender PrEP Recipients,likely_include,yes,yes,yes,yes,agree_likely_include,"The preserved registry context explicitly includes a TGD population and gives GAHT an intervention, exposure, comparison, monitoring, pharmacologic, or analytic role.",agree,normal,
NCT04760691,Pre-Exposure Prophylaxis (PrEP)- Gender Affirming Hormone Therapy (GAHT) Interactions in TGW,likely_include,yes,yes,yes,yes,agree_likely_include,"The preserved registry context explicitly includes a TGD population and gives GAHT an intervention, exposure, comparison, monitoring, pharmacologic, or analytic role.",agree,normal,
NCT04818580,Progressive Tension Sutures in Gender Affirming Mastectomy,human_review,yes,unclear,yes,no,likely_exclude,"The registry explicitly includes a TGD population, but its preserved summary, interventions, eligibility, and outcomes give GAHT no research role; any hormone reference is absent or background.",disagree,high,
NCT04820088,Simulated Conversation Training for Mental Healthcare Providers to Improve Care for Transgender and Gender Nonconforming Individuals,human_review,yes,unclear,yes,no,likely_exclude,"The registry explicitly includes a TGD population, but its preserved summary, interventions, eligibility, and outcomes give GAHT no research role; any hormone reference is absent or background.",disagree,high,
NCT04838249,"Effects of Cross-sex Hormone Therapy on Eating Behavior, Metabolism, Energy Balance and Cardiovascular System",likely_include,yes,yes,yes,yes,agree_likely_include,"The preserved registry context explicitly includes a TGD population and gives GAHT an intervention, exposure, comparison, monitoring, pharmacologic, or analytic role.",agree,normal,
NCT04864951,HPV Prevalence in Transpersons - a Prospective Study,human_review,yes,unclear,yes,unclear,genuinely_ambiguous,"Hormone therapy is collected in the HPV survey, but the registry states HPV-prevalence aims without saying hormone exposure will be analyzed.",agree,high,
NCT04867798,Transgender Men and HIV in Uganda: PrEP Uptake and Persistence,human_review,yes,unclear,yes,yes,likely_include,Masculinizing hormone use and concerns about hormone-PrEP interactions are explicit variables in the HIV/PrEP project.,disagree,high,
NCT04922424,Mechanisms and Interventions to Address Cardiovascular Risk of Gender-affirming Hormone Therapy in Trans Men,likely_include,yes,yes,yes,yes,agree_likely_include,"The preserved registry context explicitly includes a TGD population and gives GAHT an intervention, exposure, comparison, monitoring, pharmacologic, or analytic role.",agree,normal,
NCT04935164,Comparative Study of Gender Identity Disorder Versus Control,human_review,yes,unclear,yes,no,likely_exclude,"The registry explicitly includes a TGD population, but its preserved summary, interventions, eligibility, and outcomes give GAHT no research role; any hormone reference is absent or background.",disagree,high,
NCT04944654,"Efficacy, Tolerability and Acceptability of Biktarvy by TPLWH",human_review,yes,unclear,yes,unclear,genuinely_ambiguous,"A drug-interaction outcome mentions hormones in TGD participants, but the registry does not identify them as GAHT or specify a hormone analysis.",agree,high,
NCT04971447,Extracellular Vesicles and Endothelial Function in Transgender Subjects,likely_include,yes,yes,yes,yes,agree_likely_include,"The preserved registry context explicitly includes a TGD population and gives GAHT an intervention, exposure, comparison, monitoring, pharmacologic, or analytic role.",agree,normal,
NCT04977765,Cardiometabolic Health in Transgender Males,likely_include,yes,yes,yes,yes,agree_likely_include,"The preserved registry context explicitly includes a TGD population and gives GAHT an intervention, exposure, comparison, monitoring, pharmacologic, or analytic role.",agree,normal,
NCT04979338,"Development of Effective, Opioid Sparing Techniques for Peri-operative Pain Management of Transgender Patients Undergoing Gender Affirming Surgeries",human_review,yes,unclear,yes,no,likely_exclude,"The registry explicitly includes a TGD population, but its preserved summary, interventions, eligibility, and outcomes give GAHT no research role; any hormone reference is absent or background.",disagree,high,
NCT04993469,Patient Reported Outcome on Genital Sensitivity and Sexual Function After Genital Gender Affirming Surgery,human_review,yes,unclear,yes,no,likely_exclude,"The registry explicitly includes a TGD population, but its preserved summary, interventions, eligibility, and outcomes give GAHT no research role; any hormone reference is absent or background.",disagree,high,
NCT05010707,Transgender Estradiol Affirming Therapy,likely_include,yes,yes,yes,yes,agree_likely_include,"The preserved registry context explicitly includes a TGD population and gives GAHT an intervention, exposure, comparison, monitoring, pharmacologic, or analytic role.",agree,normal,
NCT05016232,Adaptive Intervention to Facilitate PrEP Uptake/Adherence Among Transgender Women,human_review,yes,unclear,yes,no,likely_exclude,"The registry explicitly includes a TGD population, but its preserved summary, interventions, eligibility, and outcomes give GAHT no research role; any hormone reference is absent or background.",disagree,high,
NCT05019417,Glycerol-Phenylbutyrate Treatment in Children With MCT Mutation (Allan-Herndon- Dudley Syndrome),obvious_exclude,no,no,no,no,agree_obvious_exclude,The preserved registry context describes a non-TGD population and a non-GAHT indication; neither protocol criterion is supported.,agree,low,
NCT05097820,Prospective Observational Study on SEBBIN Silicone Gel-filled Testicular Implants,human_review,yes,unclear,yes,no,likely_exclude,"The registry explicitly includes a TGD population, but its preserved summary, interventions, eligibility, and outcomes give GAHT no research role; any hormone reference is absent or background.",disagree,high,
NCT05116293,Effect of Testosterone Treatment on Drug Metabolism and Transport,likely_include,yes,yes,yes,yes,agree_likely_include,"The preserved registry context explicitly includes a TGD population and gives GAHT an intervention, exposure, comparison, monitoring, pharmacologic, or analytic role.",agree,normal,
NCT05126134,Psychological Vulnerabilities and Transgender Adolescents: A Descriptive Epidemiology Study,human_review,yes,unclear,yes,no,likely_exclude,"The registry explicitly includes a TGD population, but its preserved summary, interventions, eligibility, and outcomes give GAHT no research role; any hormone reference is absent or background.",disagree,high,
NCT05130086,A Study of Islatravir (MK-8591) in Trans and Gender Diverse Participants (MK-8591-035),likely_include,yes,yes,yes,no,likely_exclude,The islatravir study uses stable GAHT only as eligibility and reports drug safety and pharmacokinetics without a GAHT comparison or monitoring objective.,disagree,high,
NCT05166083,Investigation of the Perceptual and Acoustic Voice in Trans Man,likely_include,yes,yes,yes,yes,agree_likely_include,"The preserved registry context explicitly includes a TGD population and gives GAHT an intervention, exposure, comparison, monitoring, pharmacologic, or analytic role.",agree,normal,
NCT05169762,Feminizing Treatment in Transgender Women and Non-binary Persons,likely_include,yes,yes,yes,yes,agree_likely_include,"The preserved registry context explicitly includes a TGD population and gives GAHT an intervention, exposure, comparison, monitoring, pharmacologic, or analytic role.",agree,normal,
NCT05175170,Fertility Decision-Making in Youth and Young Adults,likely_include,yes,yes,yes,yes,agree_likely_include,"The preserved registry context explicitly includes a TGD population and gives GAHT an intervention, exposure, comparison, monitoring, pharmacologic, or analytic role.",agree,normal,
NCT05195164,The Effects of Orchiectomy and Age on Vascular and Metabolic Health in Older Versus Younger Transgender Women,human_review,yes,unclear,yes,yes,likely_include,Sex-hormone concentrations are explicitly monitored before and after orchiectomy in transgender women using estradiol and spironolactone.,disagree,high,
NCT05204732,Acoustic and Perceptual Effects of Intonation Training in Gender Diverse People,human_review,yes,unclear,yes,no,likely_exclude,"The registry explicitly includes a TGD population, but its preserved summary, interventions, eligibility, and outcomes give GAHT no research role; any hormone reference is absent or background.",disagree,high,
NCT05244694,Impact of Insulin on Sympathetic Nervous System-mediated Peripheral Vasoconstriction,obvious_exclude,no,no,no,no,agree_obvious_exclude,The preserved registry context describes a non-TGD population and a non-GAHT indication; neither protocol criterion is supported.,agree,low,
NCT05273112,Evaluation of the Variation in Quality of Life During Medical Transition for Transgender People.,human_review,yes,unclear,yes,no,likely_exclude,"The registry explicitly includes a TGD population, but its preserved summary, interventions, eligibility, and outcomes give GAHT no research role; any hormone reference is absent or background.",disagree,high,
NCT05292820,Sexual Function of Trans Women After Vaginoplasty,human_review,yes,unclear,yes,no,likely_exclude,"The registry explicitly includes a TGD population, but its preserved summary, interventions, eligibility, and outcomes give GAHT no research role; any hormone reference is absent or background.",disagree,high,
NCT05318755,China Gender-affirming Hormone Therapy Study,likely_include,yes,yes,yes,yes,agree_likely_include,"The preserved registry context explicitly includes a TGD population and gives GAHT an intervention, exposure, comparison, monitoring, pharmacologic, or analytic role.",agree,normal,
NCT05334888,Sex-differential Host-microbiome CVD Risk - A Longitudinal Cohort Approach,likely_include,yes,yes,yes,yes,agree_likely_include,"The preserved registry context explicitly includes a TGD population and gives GAHT an intervention, exposure, comparison, monitoring, pharmacologic, or analytic role.",agree,normal,
NCT05369247,Interval Versus Continuous Exercise During Pregnancy,obvious_exclude,no,no,no,no,agree_obvious_exclude,The preserved registry context describes a non-TGD population and a non-GAHT indication; neither protocol criterion is supported.,agree,low,
NCT05387577,Coagulation and Fibrinolysis of Estradiol in Transwomen,likely_include,yes,yes,yes,yes,agree_likely_include,"The preserved registry context explicitly includes a TGD population and gives GAHT an intervention, exposure, comparison, monitoring, pharmacologic, or analytic role.",agree,normal,
NCT05428215,Comparison of PKs of 17-Beta-Estradiol Via Sublingual Placement Versus Swallowing in Male-to-Female Transgender Patients,likely_include,yes,yes,yes,yes,agree_likely_include,"The preserved registry context explicitly includes a TGD population and gives GAHT an intervention, exposure, comparison, monitoring, pharmacologic, or analytic role.",agree,normal,
NCT05442463,Hormone Therapy and Angiotensin-Dependent Arterial and Renal Vasoconstriction in Humans,likely_include,yes,yes,yes,yes,agree_likely_include,"The preserved registry context explicitly includes a TGD population and gives GAHT an intervention, exposure, comparison, monitoring, pharmacologic, or analytic role.",agree,normal,
NCT05454579,The South-East Asian Transgender Health Cohort,human_review,yes,unclear,yes,no,likely_exclude,"The registry explicitly includes a TGD population, but its preserved summary, interventions, eligibility, and outcomes give GAHT no research role; any hormone reference is absent or background.",disagree,high,
NCT05469204,Effect of Estrogen Treatment on Drug Metabolism and Transport,likely_include,yes,yes,yes,yes,agree_likely_include,"The preserved registry context explicitly includes a TGD population and gives GAHT an intervention, exposure, comparison, monitoring, pharmacologic, or analytic role.",agree,normal,
NCT05487794,Effect of Dose Fractionation of Testosterone Cypionate on Transgender Men with Erythrocytosis,likely_include,yes,yes,yes,yes,agree_likely_include,"The preserved registry context explicitly includes a TGD population and gives GAHT an intervention, exposure, comparison, monitoring, pharmacologic, or analytic role.",agree,normal,
NCT05489159,Sleep and IR in Transgender Adolescents,likely_include,yes,yes,yes,yes,agree_likely_include,"The preserved registry context explicitly includes a TGD population and gives GAHT an intervention, exposure, comparison, monitoring, pharmacologic, or analytic role.",agree,normal,
NCT05534763,Internet-delivered Treatment for Transgender Individuals With Co-occurring Mental Health Problems,human_review,yes,unclear,yes,no,likely_exclude,"The registry explicitly includes a TGD population, but its preserved summary, interventions, eligibility, and outcomes give GAHT no research role; any hormone reference is absent or background.",disagree,high,
NCT05583058,Sex Hormone Overdose and Misuse in Chinese Transgender and Gender Non-conforming Population,likely_include,yes,yes,yes,yes,agree_likely_include,"The preserved registry context explicitly includes a TGD population and gives GAHT an intervention, exposure, comparison, monitoring, pharmacologic, or analytic role.",agree,normal,
NCT05587296,"A Study to Learn More About How Well Elinzanetant Works and How Safe it is Compared to Placebo for the Treatment of Hot Flashes Caused by Anti-cancer Therapy in Women With, or at High Risk for Developing Hormone-receptor Positive Breast Cancer",obvious_exclude,no,no,no,no,agree_obvious_exclude,The preserved registry context describes a non-TGD population and a non-GAHT indication; neither protocol criterion is supported.,agree,low,
NCT05587751,Evaluation of Gender-Affirming Treatments on Pulmonary Function in Transgender and Gender Diverse Patients,likely_include,yes,yes,yes,yes,agree_likely_include,"The preserved registry context explicitly includes a TGD population and gives GAHT an intervention, exposure, comparison, monitoring, pharmacologic, or analytic role.",agree,normal,
NCT05602805,BariaPSY: the Data Bank,human_review,yes,unclear,unclear,no,likely_exclude,"A broad bariatric cohort offers transgender and nonbinary demographic response options, but does not explicitly define a TGD population or any GAHT research role.",disagree,high,
NCT05607303,Effect of Hormones on Frequency of Headache and Brain Structure and Function in Puberty,likely_include,yes,yes,yes,yes,agree_likely_include,"The preserved registry context explicitly includes a TGD population and gives GAHT an intervention, exposure, comparison, monitoring, pharmacologic, or analytic role.",agree,normal,
NCT05649605,Early Mental Response - The EMRE Study,likely_include,yes,yes,yes,yes,agree_likely_include,"The preserved registry context explicitly includes a TGD population and gives GAHT an intervention, exposure, comparison, monitoring, pharmacologic, or analytic role.",agree,normal,
NCT05649943,Multimodal Approach in Patients With mHSPC. Randomized Trial of APA+ADT vs APA-ADT and Local Treatment,obvious_exclude,no,no,no,no,agree_obvious_exclude,The preserved registry context describes a non-TGD population and a non-GAHT indication; neither protocol criterion is supported.,agree,low,
NCT05663892,Drug-Drug Interaction Study in Trans Women Living With HIV,likely_include,yes,yes,yes,yes,agree_likely_include,"The preserved registry context explicitly includes a TGD population and gives GAHT an intervention, exposure, comparison, monitoring, pharmacologic, or analytic role.",agree,normal,
NCT05726903,Counseling Among Gender Diverse Adolescents Who Use Depot Medroxyprogesterone,human_review,yes,unclear,yes,no,likely_exclude,"The registry explicitly includes a TGD population, but its preserved summary, interventions, eligibility, and outcomes give GAHT no research role; any hormone reference is absent or background.",disagree,high,
NCT05787470,State of Hormones Impact Nociceptive Expression,likely_include,yes,yes,yes,yes,agree_likely_include,"The preserved registry context explicitly includes a TGD population and gives GAHT an intervention, exposure, comparison, monitoring, pharmacologic, or analytic role.",agree,normal,
NCT05829018,Elucidating the High Cardiovascular Disease Risk in South Asians,obvious_exclude,no,no,no,no,agree_obvious_exclude,The preserved registry context describes a non-TGD population and a non-GAHT indication; neither protocol criterion is supported.,agree,low,
NCT05829928,Testicular Tissue Cryopreservation in the Setting of Gender-Affirming Therapy,human_review,yes,unclear,yes,unclear,genuinely_ambiguous,"Tissue is collected from patients using or planning hormones, but the testicular-tissue objectives do not state a comparison or analysis by GAHT exposure.",agree,high,
NCT05853120,Doxy-Post-exposure Prophylaxis,obvious_exclude,no,no,no,no,agree_obvious_exclude,The doxycycline pharmacokinetic study enrolls assigned-sex cohorts explicitly not using GAHT; it does not include a TGD population or study GAHT.,agree,low,
NCT05863676,Ovarian Tissue Cryopreservation in the Setting of Gender-affirming Therapy,human_review,yes,unclear,yes,yes,likely_include,The registry explicitly investigates effects of prior hormone therapy on ovarian tissue and follicle measures.,disagree,high,
NCT05865262,Protocol TRANS and QT Repolarization,likely_include,yes,yes,yes,yes,agree_likely_include,"The preserved registry context explicitly includes a TGD population and gives GAHT an intervention, exposure, comparison, monitoring, pharmacologic, or analytic role.",agree,normal,
NCT05883553,Epithesis Versus Prosthesis in Post-phalloplasty Transgender Patients.,human_review,yes,unclear,yes,no,likely_exclude,"The registry explicitly includes a TGD population, but its preserved summary, interventions, eligibility, and outcomes give GAHT no research role; any hormone reference is absent or background.",disagree,high,
NCT05884307,Trans Care: An Online Intervention to Reduce Symptoms of Gender Dysphoria,human_review,yes,unclear,yes,no,likely_exclude,"The registry explicitly includes a TGD population, but its preserved summary, interventions, eligibility, and outcomes give GAHT no research role; any hormone reference is absent or background.",disagree,high,
NCT05891795,Clascoterone for Steroid-related Acne Vulgaris in Transgender Male Patients Receiving Masculinizing Hormone Therapy,likely_include,yes,yes,yes,yes,agree_likely_include,"The preserved registry context explicitly includes a TGD population and gives GAHT an intervention, exposure, comparison, monitoring, pharmacologic, or analytic role.",agree,normal,
NCT05897086,Polyethylene-glycol Assisted Nerve Repair in Phalloplasty,human_review,yes,unclear,yes,no,likely_exclude,"The registry explicitly includes a TGD population, but its preserved summary, interventions, eligibility, and outcomes give GAHT no research role; any hormone reference is absent or background.",disagree,high,
NCT05903911,Trans Care: An Online Intervention to Reduce Symptoms of Gender Dysphoria,human_review,yes,unclear,yes,no,likely_exclude,"The registry explicitly includes a TGD population, but its preserved summary, interventions, eligibility, and outcomes give GAHT no research role; any hormone reference is absent or background.",disagree,high,
NCT05925361,Peritoneum Vaginoplasty; Implementation According to IDEAL Framework,likely_include,yes,yes,yes,no,likely_exclude,The registry evaluates peritoneal vaginoplasty feasibility and surgical outcomes; it gives GAHT no explicit research role.,disagree,high,
NCT05934877,ASK-PrEP (Assistance Services Knowledge-PrEP),human_review,yes,unclear,yes,no,likely_exclude,"The registry explicitly includes a TGD population, but its preserved summary, interventions, eligibility, and outcomes give GAHT no research role; any hormone reference is absent or background.",disagree,high,
NCT06001307,"Supporting Trans Affirmation, Relationships, and Sex, Phase 3",human_review,yes,unclear,yes,no,likely_exclude,"The registry explicitly includes a TGD population, but its preserved summary, interventions, eligibility, and outcomes give GAHT no research role; any hormone reference is absent or background.",disagree,high,
NCT06005610,Estradiol Therapy In Transgender Women to Research Interactions With HIV Therapy,likely_include,yes,yes,yes,yes,agree_likely_include,"The preserved registry context explicitly includes a TGD population and gives GAHT an intervention, exposure, comparison, monitoring, pharmacologic, or analytic role.",agree,normal,
NCT06022562,Effects of Gender-affirming Hormone Therapy on Transgender People,likely_include,yes,yes,yes,yes,agree_likely_include,"The preserved registry context explicitly includes a TGD population and gives GAHT an intervention, exposure, comparison, monitoring, pharmacologic, or analytic role.",agree,normal,
NCT06070324,Effect of Suture Material on Postoperative Nipple Areolar Complex Widening,human_review,yes,unclear,yes,no,likely_exclude,"The registry explicitly includes a TGD population, but its preserved summary, interventions, eligibility, and outcomes give GAHT no research role; any hormone reference is absent or background.",disagree,high,
NCT06074796,The Determinants of Fertility Preservation in TRANSgender Patients.,human_review,yes,unclear,yes,yes,likely_include,Prior hormone therapy is an explicit determinant in the fertility-preservation profile analysis.,disagree,high,
NCT06083766,Metabolic and Physiologic Responses to Hormone Therapy in Transgender and Gender Diverse People,likely_include,yes,yes,yes,yes,agree_likely_include,"The preserved registry context explicitly includes a TGD population and gives GAHT an intervention, exposure, comparison, monitoring, pharmacologic, or analytic role.",agree,normal,
NCT06094257,Prospective Study of Sensation and Satisfaction in Cancer and Transgender Mastectomy Patients,human_review,yes,unclear,yes,no,likely_exclude,"The registry explicitly includes a TGD population, but its preserved summary, interventions, eligibility, and outcomes give GAHT no research role; any hormone reference is absent or background.",disagree,high,
NCT06098781,Gynaecological Gender-affirming Surgeries,human_review,yes,unclear,yes,no,likely_exclude,"The registry explicitly includes a TGD population, but its preserved summary, interventions, eligibility, and outcomes give GAHT no research role; any hormone reference is absent or background.",disagree,high,
NCT06116201,Influences of Long Term Hormone Therapy on Physical Fitness and Vascular Function in Transgender Women,likely_include,yes,yes,yes,yes,agree_likely_include,"The preserved registry context explicitly includes a TGD population and gives GAHT an intervention, exposure, comparison, monitoring, pharmacologic, or analytic role.",agree,normal,
NCT06149065,Factors Associated With the Acne Severity Among Transmen Population: a Cross-sectional Study,likely_include,yes,yes,yes,yes,agree_likely_include,"The preserved registry context explicitly includes a TGD population and gives GAHT an intervention, exposure, comparison, monitoring, pharmacologic, or analytic role.",agree,normal,
NCT06221163,Sociological Study of the Life Courses of Young TRANSgender Patients,human_review,yes,unclear,yes,no,likely_exclude,"The registry explicitly includes a TGD population, but its preserved summary, interventions, eligibility, and outcomes give GAHT no research role; any hormone reference is absent or background.",disagree,high,
NCT06230770,Impact of Progestin-only Contraception on Bleeding Patterns in Individuals Initiating GATT,likely_include,yes,yes,yes,yes,agree_likely_include,"The preserved registry context explicitly includes a TGD population and gives GAHT an intervention, exposure, comparison, monitoring, pharmacologic, or analytic role.",agree,normal,
NCT06234488,Multi-Institutional Transgender & Gender-Diverse Breast Cancer Study,likely_include,yes,yes,yes,yes,agree_likely_include,"The preserved registry context explicitly includes a TGD population and gives GAHT an intervention, exposure, comparison, monitoring, pharmacologic, or analytic role.",agree,normal,
NCT06239766,BC Risk Assessment Before Top Surgery,likely_include,yes,yes,yes,no,likely_exclude,The study assesses breast-cancer risk before chest surgery; GAHT is general background rather than an explicit exposure or analytic variable.,disagree,high,
NCT06245681,"Effects of Cross-sex Hormone Treatment on Cardiac Function, Myocardial and Hepatic Fat Content",likely_include,yes,yes,yes,yes,agree_likely_include,"The preserved registry context explicitly includes a TGD population and gives GAHT an intervention, exposure, comparison, monitoring, pharmacologic, or analytic role.",agree,normal,
NCT06247267,The Effect of Sex Steroid Replacement Therapy in the Hypogonadism and Transgender Active-Duty Population,likely_include,yes,yes,yes,yes,agree_likely_include,"The preserved registry context explicitly includes a TGD population and gives GAHT an intervention, exposure, comparison, monitoring, pharmacologic, or analytic role.",agree,normal,
NCT06291675,"Gender-Affirming Hormone Therapy and Its Impact on Myocardial Mass and Cardiac Function, Heart, Liver and Pancreatic Fat Content",likely_include,yes,yes,yes,yes,agree_likely_include,"The preserved registry context explicitly includes a TGD population and gives GAHT an intervention, exposure, comparison, monitoring, pharmacologic, or analytic role.",agree,normal,
NCT06316102,Promoting Viral Suppression Among Transgender Women Living With HIV in Santo Domingo,human_review,yes,unclear,yes,no,likely_exclude,"The registry explicitly includes a TGD population, but its preserved summary, interventions, eligibility, and outcomes give GAHT no research role; any hormone reference is absent or background.",disagree,high,
NCT06351501,Evaluation of the Effectiveness of Hormonal Treatment in Adolescents Suffering From Gender Dysphoria,likely_include,yes,yes,yes,yes,agree_likely_include,"The preserved registry context explicitly includes a TGD population and gives GAHT an intervention, exposure, comparison, monitoring, pharmacologic, or analytic role.",agree,normal,
NCT06357130,Gynaecological Care for Transgender People in France in 2024.,likely_include,yes,yes,yes,yes,agree_likely_include,"The preserved registry context explicitly includes a TGD population and gives GAHT an intervention, exposure, comparison, monitoring, pharmacologic, or analytic role.",agree,normal,
NCT06390332,Centering Gender Affirming Resources in Higher Education,human_review,yes,unclear,yes,no,likely_exclude,"The registry explicitly includes a TGD population, but its preserved summary, interventions, eligibility, and outcomes give GAHT no research role; any hormone reference is absent or background.",disagree,high,
NCT06391034,"Magnetic Resonance (MR) Imaging With Hyperpolarized 13C-Pyruvate +/- 13C,15N-Urea in Patients With Prostate Cancer",obvious_exclude,no,no,no,no,agree_obvious_exclude,The preserved registry context describes a non-TGD population and a non-GAHT indication; neither protocol criterion is supported.,agree,low,
NCT06400199,Fertility Preservation for Transfeminine Adolescents Via Semen Cryopreservation or Testicular Sperm Extraction,human_review,yes,no,yes,no,likely_exclude,The registry is limited to puberty suppression and does not state an estradiol or testosterone GAHT research component.,disagree,high,
NCT06405243,"Myoinositol, L-arginine and Chromium With Letrozole for Ovulation Induction in Polycystic Ovarian Syndrome Patients",obvious_exclude,no,no,no,no,agree_obvious_exclude,The preserved registry context describes a non-TGD population and a non-GAHT indication; neither protocol criterion is supported.,agree,low,
NCT06418347,Effect of ALA Combined With Letrozole on Polycystic Ovary Syndrome Clinical Outcome in Infertile Females,obvious_exclude,no,no,no,no,agree_obvious_exclude,The preserved registry context describes a non-TGD population and a non-GAHT indication; neither protocol criterion is supported.,agree,low,
NCT06428669,Effect of Nitropaste in Chest Masculinizing Surgery,likely_include,yes,yes,yes,no,likely_exclude,"The trial evaluates nitropaste after chest surgery and does not give GAHT an intervention, exposure, comparison, monitoring, or analytic role.",disagree,high,
NCT06436560,Support for Transgender and Non-Binary Individuals Seeking Vaginoplasty Study,human_review,yes,unclear,yes,no,likely_exclude,"The registry explicitly includes a TGD population, but its preserved summary, interventions, eligibility, and outcomes give GAHT no research role; any hormone reference is absent or background.",disagree,high,
NCT06439290,"Voice Outcome of Glottoplasty, Cricothyroid Approximation, Thyroplasty, and Chondrolaryngoplasty",human_review,yes,unclear,yes,no,likely_exclude,"The registry explicitly includes a TGD population, but its preserved summary, interventions, eligibility, and outcomes give GAHT no research role; any hormone reference is absent or background.",disagree,high,
NCT06443164,Efficacy of a Chronic Pain Treatment Prior to Gender-affirming Surgery,human_review,yes,unclear,yes,no,likely_exclude,"The registry explicitly includes a TGD population, but its preserved summary, interventions, eligibility, and outcomes give GAHT no research role; any hormone reference is absent or background.",disagree,high,
NCT06450405,Androgen Effects on the Reproductive Neuroendocrine Axis,likely_include,yes,yes,yes,yes,agree_likely_include,"The preserved registry context explicitly includes a TGD population and gives GAHT an intervention, exposure, comparison, monitoring, pharmacologic, or analytic role.",agree,normal,
NCT06470906,Feasibility of an Oral Intervention for Sexual Health in Transgender Men,likely_include,yes,yes,yes,yes,agree_likely_include,"The preserved registry context explicitly includes a TGD population and gives GAHT an intervention, exposure, comparison, monitoring, pharmacologic, or analytic role.",agree,normal,
NCT06482385,Transmasculine Quality of Life and Sexual Function at Pre and Post Gender-affirming Hormonal Therapy,likely_include,yes,yes,yes,yes,agree_likely_include,"The preserved registry context explicitly includes a TGD population and gives GAHT an intervention, exposure, comparison, monitoring, pharmacologic, or analytic role.",agree,normal,
NCT06487754,New-onset Chronic Pelvic Pain in Transgender People Using Testosterone Therapy: an Exploratory Qualitative Study.,likely_include,yes,yes,yes,yes,agree_likely_include,"The preserved registry context explicitly includes a TGD population and gives GAHT an intervention, exposure, comparison, monitoring, pharmacologic, or analytic role.",agree,normal,
NCT06502353,Plexaa For Preconditioning: Gender Affirming Mastectomy,human_review,yes,unclear,yes,no,likely_exclude,"The registry explicitly includes a TGD population, but its preserved summary, interventions, eligibility, and outcomes give GAHT no research role; any hormone reference is absent or background.",disagree,high,
NCT06530992,The Effect of Tucking on Semen Quality of Adult Trans Women,likely_include,yes,yes,yes,no,likely_exclude,"The study evaluates tucking and semen quality before GAHT and excludes ongoing GAHT, so hormone therapy is future context rather than a studied variable.",disagree,high,
NCT06565663,MaPGAS Decision Making,human_review,yes,unclear,yes,no,likely_exclude,"The registry explicitly includes a TGD population, but its preserved summary, interventions, eligibility, and outcomes give GAHT no research role; any hormone reference is absent or background.",disagree,high,
NCT06573177,Optimizing Individual Health Care for Young People With Gender Incongruence,likely_include,yes,yes,yes,yes,agree_likely_include,"The preserved registry context explicitly includes a TGD population and gives GAHT an intervention, exposure, comparison, monitoring, pharmacologic, or analytic role.",agree,normal,
NCT06615401,Understanding Perceived Access and Receipt of Gender-affirming Treatments Among Transgender Veterans,human_review,yes,unclear,yes,yes,likely_include,"Receipt and access to hormone therapy, and their associations with mental-health outcomes, are explicit study aims.",disagree,high,
NCT06639763,Erectile Aid Use in Post-phalloplasty and Post-metoidioplasty Transgender Patients,human_review,yes,unclear,yes,no,likely_exclude,"The registry explicitly includes a TGD population, but its preserved summary, interventions, eligibility, and outcomes give GAHT no research role; any hormone reference is absent or background.",disagree,high,
NCT06639776,Sexual Functioning After Erection Prosthesis Placement in Post Phalloplasty Transgender Persons,human_review,yes,unclear,yes,no,likely_exclude,"The registry explicitly includes a TGD population, but its preserved summary, interventions, eligibility, and outcomes give GAHT no research role; any hormone reference is absent or background.",disagree,high,
NCT06656676,WePrEP: Developing a PrEP Shared Decision-making Tool for Transgender Women,human_review,yes,unclear,yes,unclear,genuinely_ambiguous,"The PrEP tool is motivated by GAHT-interaction concerns, but its outcomes evaluate the decision tool without stating that GAHT content or interaction is analyzed.",agree,high,
NCT06670053,"Puberty, Testosterone, and Brain Development",likely_include,yes,yes,yes,yes,agree_likely_include,"The preserved registry context explicitly includes a TGD population and gives GAHT an intervention, exposure, comparison, monitoring, pharmacologic, or analytic role.",agree,normal,
NCT06710496,HISTOLOGICAL RESULTS IN TRANSGENDER INDIVIDUALS ASSIGNED TO FEMALES AT BIRTH UNDERGOING GENDER AFFIRMATION SURGERY AND IN TESTOSTERONE THERAPY,likely_include,yes,yes,yes,yes,agree_likely_include,"The preserved registry context explicitly includes a TGD population and gives GAHT an intervention, exposure, comparison, monitoring, pharmacologic, or analytic role.",agree,normal,
NCT06733415,Changes in Energy Expenditure (EE) in Transsexuals Undergoing Hormonal Therapy,human_review,yes,unclear,yes,yes,likely_include,Metabolic rate is measured before and after initiation of gender-affirming hormonal treatment.,disagree,high,
NCT06741319,Behavioral and Psychosocial Characteristics of Clients Accessing Services at IHRI,likely_include,yes,yes,yes,unclear,downgrade_human_review,"The broad HIV and health-services cohort records hormone therapy among many clinical characteristics, but no hormone-specific analysis is stated.",disagree,high,
NCT06747624,A Crossover Clinical Trial Investigating the Effects of Geranylgeraniol (GG) Supplementation on Testosterone Levels in Healthy Men and Women Over an 18-week Period,obvious_exclude,no,no,no,no,agree_obvious_exclude,The preserved registry context describes a non-TGD population and a non-GAHT indication; neither protocol criterion is supported.,agree,low,
NCT06774053,Swiss ProspectivE Cohort of TRAnsgender and Gender Diverse Individuals - The SPECTRA Study,likely_include,yes,yes,yes,yes,agree_likely_include,"The preserved registry context explicitly includes a TGD population and gives GAHT an intervention, exposure, comparison, monitoring, pharmacologic, or analytic role.",agree,normal,
NCT06779331,Phosphate Urine Excretion in Critically Ill Patients,obvious_exclude,no,no,no,no,agree_obvious_exclude,The preserved registry context describes a non-TGD population and a non-GAHT indication; neither protocol criterion is supported.,agree,low,
NCT06807580,Progesterone in Gender Affirming Hormone Therapy Study,likely_include,yes,yes,yes,yes,agree_likely_include,"The preserved registry context explicitly includes a TGD population and gives GAHT an intervention, exposure, comparison, monitoring, pharmacologic, or analytic role.",agree,normal,
NCT06816355,Exogenous Sex Hormones and PONV,likely_include,yes,yes,yes,yes,agree_likely_include,"The preserved registry context explicitly includes a TGD population and gives GAHT an intervention, exposure, comparison, monitoring, pharmacologic, or analytic role.",agree,normal,
NCT06844097,Intervention for Medical Student to Promote Cervical Cancer Screening Among Latinx Transmasculine Individuals,human_review,yes,unclear,yes,no,likely_exclude,"The registry explicitly includes a TGD population, but its preserved summary, interventions, eligibility, and outcomes give GAHT no research role; any hormone reference is absent or background.",disagree,high,
NCT06854965,Cohort Study on Factors Associated with the Evolution of Quality of Life Among Transgender Individuals in the French Population,human_review,yes,unclear,yes,yes,likely_include,"Quality of life is explicitly analyzed with hormone-therapy complications, transition modality, and self-medication variables.",disagree,high,
NCT06880705,The Trans-Led Care Study,human_review,yes,unclear,yes,no,likely_exclude,"The registry explicitly includes a TGD population, but its preserved summary, interventions, eligibility, and outcomes give GAHT no research role; any hormone reference is absent or background.",disagree,high,
NCT06939257,Pain Outcomes Associated With Exogenous Hormone Therapy in Adults,likely_include,yes,yes,yes,yes,agree_likely_include,"The preserved registry context explicitly includes a TGD population and gives GAHT an intervention, exposure, comparison, monitoring, pharmacologic, or analytic role.",agree,normal,
NCT06953908,The Copenhagen Gender Identity Cohort,human_review,yes,unclear,yes,yes,likely_include,"The registry explicitly evaluates hormone-therapy effects, adverse effects, and treatment courses in a TGD population.",disagree,high,
NCT06969326,Topical Estrogen: Brief Intervention to Improve Postoperative Experience for Transgender Men Undergoing Hysterectomy,human_review,yes,unclear,yes,no,likely_exclude,Topical estradiol is used for postoperative wound treatment; background testosterone is not an analyzed GAHT variable.,disagree,high,
NCT06987045,Trans and Non-binary Prostate-Specific Antigen Reference Interval Determination Study,likely_include,yes,yes,yes,yes,agree_likely_include,"The preserved registry context explicitly includes a TGD population and gives GAHT an intervention, exposure, comparison, monitoring, pharmacologic, or analytic role.",agree,normal,
NCT07005648,Brazilian Registry of Menopausal Health,human_review,yes,unclear,yes,no,likely_exclude,"The study concerns menopausal hormone treatment and excludes hormonal gender reassignment, so the hormone indication is not GAHT.",disagree,high,
NCT07017595,Gender-affirming Voice Training With Visual Feedback,human_review,yes,unclear,yes,no,likely_exclude,"The registry explicitly includes a TGD population, but its preserved summary, interventions, eligibility, and outcomes give GAHT no research role; any hormone reference is absent or background.",disagree,high,
NCT07075731,Cervical and Endometrial Cancer Screening in Patients Seeking Gender-Affirming Hysterectomy,human_review,yes,unclear,yes,no,likely_exclude,"The registry explicitly includes a TGD population, but its preserved summary, interventions, eligibility, and outcomes give GAHT no research role; any hormone reference is absent or background.",disagree,high,
NCT07085715,Pan-Viral Screening and Linkage to Care Among GBMSM and Trans Women in Spain,human_review,yes,unclear,yes,no,likely_exclude,"The registry explicitly includes a TGD population, but its preserved summary, interventions, eligibility, and outcomes give GAHT no research role; any hormone reference is absent or background.",disagree,high,
NCT07092527,"Androgen Effects on the Reproductive Neuroendocrine Axis, 2025 Version",likely_include,yes,yes,yes,yes,agree_likely_include,"The preserved registry context explicitly includes a TGD population and gives GAHT an intervention, exposure, comparison, monitoring, pharmacologic, or analytic role.",agree,normal,
NCT07128771,Cardiomodulatory Effects of Gender-Affirming Hormone Therapy,likely_include,yes,yes,yes,yes,agree_likely_include,"The preserved registry context explicitly includes a TGD population and gives GAHT an intervention, exposure, comparison, monitoring, pharmacologic, or analytic role.",agree,normal,
NCT07145281,"Comparing the Effects of Sublingual Estradiol Treatment Versus Oral Estradiol With Cyproterone Acetate (CPA) Treatment on The Coagulation System in Transgender Women: A Prospective, Controlled Cohort Study",likely_include,yes,yes,yes,yes,agree_likely_include,"The preserved registry context explicitly includes a TGD population and gives GAHT an intervention, exposure, comparison, monitoring, pharmacologic, or analytic role.",agree,normal,
NCT07147166,Evaluating the Efficacy of Force Modulating Tissue Bridge Device in Preventing Hypertrophic Scars Following Gender-Affirming Mastectomy,human_review,yes,unclear,yes,no,likely_exclude,"The registry explicitly includes a TGD population, but its preserved summary, interventions, eligibility, and outcomes give GAHT no research role; any hormone reference is absent or background.",disagree,high,
NCT07148921,Perception of Pain During Gender Affirming Hormone Therapy,likely_include,yes,yes,yes,yes,agree_likely_include,"The preserved registry context explicitly includes a TGD population and gives GAHT an intervention, exposure, comparison, monitoring, pharmacologic, or analytic role.",agree,normal,
NCT07181551,Forward to Quit: A Person-centered Mobile Technology Intervention for Smoking Cessation Among Transgender Adults,human_review,yes,unclear,yes,no,likely_exclude,"The registry explicitly includes a TGD population, but its preserved summary, interventions, eligibility, and outcomes give GAHT no research role; any hormone reference is absent or background.",disagree,high,
NCT07187947,Cardiovascular Health of Transgender Individuals During the Gender-affirming Pathway,likely_include,yes,yes,yes,yes,agree_likely_include,"The preserved registry context explicitly includes a TGD population and gives GAHT an intervention, exposure, comparison, monitoring, pharmacologic, or analytic role.",agree,normal,
NCT07194226,Attitudes and Decision Regret Regarding Fertility Preservation in Transgender Individuals,human_review,yes,unclear,yes,no,likely_exclude,"The registry explicitly includes a TGD population, but its preserved summary, interventions, eligibility, and outcomes give GAHT no research role; any hormone reference is absent or background.",disagree,high,
NCT07252687,The Effect of Gender-affirmative Measures on Breast Perception in Trans Men,likely_include,yes,yes,yes,yes,agree_likely_include,"The preserved registry context explicitly includes a TGD population and gives GAHT an intervention, exposure, comparison, monitoring, pharmacologic, or analytic role.",agree,normal,
NCT07286123,Gender Affirming Vaginoplasty With Tubularized Augmented Peritoneal Cap (TAPCap) Utilizing Fish Skin Xenograft (Kerecis™),human_review,yes,unclear,yes,no,likely_exclude,"The registry explicitly includes a TGD population, but its preserved summary, interventions, eligibility, and outcomes give GAHT no research role; any hormone reference is absent or background.",disagree,high,
NCT07324967,A Standardized Counseling Approach to Preoperative Education in Transmasculine Individuals Receiving Gender-affirming Surgery,human_review,yes,unclear,yes,no,likely_exclude,"The registry explicitly includes a TGD population, but its preserved summary, interventions, eligibility, and outcomes give GAHT no research role; any hormone reference is absent or background.",disagree,high,
NCT07358897,Gender Affirming Hormone Therapy and Immune Function in Trans Individuals - The GIFT Study,likely_include,yes,yes,yes,yes,agree_likely_include,"The preserved registry context explicitly includes a TGD population and gives GAHT an intervention, exposure, comparison, monitoring, pharmacologic, or analytic role.",agree,normal,
NCT07394400,"Effects of Gender-Affirming Hormone Therapy on Cardiovascular, Metabolic, and Mental Health Outcomes in Transgender Adults.",likely_include,yes,yes,yes,yes,agree_likely_include,"The preserved registry context explicitly includes a TGD population and gives GAHT an intervention, exposure, comparison, monitoring, pharmacologic, or analytic role.",agree,normal,
NCT07400419,Effects of Resistance Exercise Among TGD Individuals Initiating Estrogen-Based Gender-Affirming Hormone Therapy,likely_include,yes,yes,yes,yes,agree_likely_include,"The preserved registry context explicitly includes a TGD population and gives GAHT an intervention, exposure, comparison, monitoring, pharmacologic, or analytic role.",agree,normal,
NCT07412509,"Can 3D Modeling Enhance Patient Understanding, Education, and Surgical Outcomes in Gender Affirming Peritoneal Vaginoplasty?",human_review,yes,unclear,yes,no,likely_exclude,"The registry explicitly includes a TGD population, but its preserved summary, interventions, eligibility, and outcomes give GAHT no research role; any hormone reference is absent or background.",disagree,high,
NCT07417787,Point of Care Tests in the Management of Very Early Medical Abortion,human_review,yes,unclear,no,no,likely_exclude,The point-of-care abortion study does not explicitly include a TGD population and does not study GAHT.,disagree,high,
NCT07480590,"GLOW: Gender-Affirming Care and Mental Health: A Longitudinal Study On Quality of Life, Work Life, and Healthcare Outcomes",human_review,yes,unclear,yes,no,likely_exclude,"The registry explicitly includes a TGD population, but its preserved summary, interventions, eligibility, and outcomes give GAHT no research role; any hormone reference is absent or background.",disagree,high,
NCT07481942,Body Composition Assessment in Transgender Population.,likely_include,yes,yes,yes,yes,agree_likely_include,"The preserved registry context explicitly includes a TGD population and gives GAHT an intervention, exposure, comparison, monitoring, pharmacologic, or analytic role.",agree,normal,
NCT07509827,Evaluation of mHealth Intervention to Promote HIV Prevention and Overcome Stigma Among Transgender Women (EMPOW.HER),human_review,yes,unclear,yes,no,likely_exclude,"The registry explicitly includes a TGD population, but its preserved summary, interventions, eligibility, and outcomes give GAHT no research role; any hormone reference is absent or background.",disagree,high,
NCT07512856,The Implementation of a Trans-tailored Harm Reduction Service for Transgender Persons in Relation to chemsEX and Substance Use (iT-REX),human_review,yes,unclear,yes,no,likely_exclude,"The registry explicitly includes a TGD population, but its preserved summary, interventions, eligibility, and outcomes give GAHT no research role; any hormone reference is absent or background.",disagree,high,
NCT07516691,Evaluation of a New Strategy to Approach the Transgender Sex Worker Populations and Their Clients for Access to a Preventive Sexual Health System Through the ORTIF Digital Teleconsultation Solution,human_review,yes,unclear,yes,no,likely_exclude,"The registry explicitly includes a TGD population, but its preserved summary, interventions, eligibility, and outcomes give GAHT no research role; any hormone reference is absent or background.",disagree,high,
NCT07542964,Transgender Analysis of Nephrological Studies Focused on Renal Metrics,likely_include,yes,yes,yes,yes,agree_likely_include,"The preserved registry context explicitly includes a TGD population and gives GAHT an intervention, exposure, comparison, monitoring, pharmacologic, or analytic role.",agree,normal,
NCT07624747,Brain Health in Transgender Adults,likely_include,yes,yes,yes,yes,agree_likely_include,"The preserved registry context explicitly includes a TGD population and gives GAHT an intervention, exposure, comparison, monitoring, pharmacologic, or analytic role.",agree,normal,
NCT07661823,"QAIAx (AIhealth4U) - AI Public Health Central: Microcity-A (re Quantum AI Agency Aka AI City Hall Project, UPSTO App Nos. 64/074,526, 64/063,557, 63/903,181, 63/729,428",human_review,yes,unclear,yes,no,likely_exclude,"Gender dysphoria is an explicit target condition, but the AI-managed behavioral intervention has no GAHT research component.",disagree,high,
NCT07681908,#TranscendentHealth: A Text Messaging Pregnancy Prevention Program for Transgender Boys,human_review,yes,unclear,yes,no,likely_exclude,"The registry explicitly includes a TGD population, but its preserved summary, interventions, eligibility, and outcomes give GAHT no research role; any hormone reference is absent or background.",disagree,high,
NCT07699159,Cohort Network for Adolescents and Youth With multipLe Mental Health Conditions,human_review,yes,unclear,unclear,no,likely_exclude,"A broad youth mental-health cohort measures gender dysphoria and gender expression, but does not explicitly define a TGD population or study GAHT.",disagree,high,
NCT07729644,Evaluation of State-Level Sexual and Gender Minority Laws for the Primary Prevention of Sexual and Intimate Partner Violence Among Sexual and Gender Minority Youth in the U.S.,human_review,yes,unclear,yes,no,likely_exclude,"The registry explicitly includes a TGD population, but its preserved summary, interventions, eligibility, and outcomes give GAHT no research role; any hormone reference is absent or background.",disagree,high,
NCT07746999,North Jersey Community Research Initiative (NJCRI) Study on Transgender Liver Health,likely_include,yes,yes,yes,yes,agree_likely_include,"The preserved registry context explicitly includes a TGD population and gives GAHT an intervention, exposure, comparison, monitoring, pharmacologic, or analytic role.",agree,normal,
